{
    "asset": {
        "format": "jpg",
        "id": "002c1677e045ae8f1d9bee7ce7f1d5f0",
        "name": "WIN_20231102_17_16_06_Pro.jpg",
        "path": "file:D:/tomato%20KHM/WIN_20231102_17_16_06_Pro.jpg",
        "size": {
            "width": 640,
            "height": 480
        },
        "state": 2,
        "type": 1
    },
    "regions": [
        {
            "id": "XZl2zo97m",
            "type": "RECTANGLE",
            "tags": [
                "tomato"
            ],
            "boundingBox": {
                "height": 68.46625766871165,
                "width": 74.38434982738781,
                "left": 236.53624856156503,
                "top": 188.46625766871165
            },
            "points": [
                {
                    "x": 236.53624856156503,
                    "y": 188.46625766871165
                },
                {
                    "x": 310.92059838895284,
                    "y": 188.46625766871165
                },
                {
                    "x": 310.92059838895284,
                    "y": 256.9325153374233
                },
                {
                    "x": 236.53624856156503,
                    "y": 256.9325153374233
                }
            ]
        },
        {
            "id": "Llrq5MwfQ",
            "type": "RECTANGLE",
            "tags": [
                "tomato"
            ],
            "boundingBox": {
                "height": 62.576687116564415,
                "width": 70.70195627157653,
                "left": 167.30724971231302,
                "top": 256.9325153374233
            },
            "points": [
                {
                    "x": 167.30724971231302,
                    "y": 256.9325153374233
                },
                {
                    "x": 238.0092059838896,
                    "y": 256.9325153374233
                },
                {
                    "x": 238.0092059838896,
                    "y": 319.5092024539877
                },
                {
                    "x": 167.30724971231302,
                    "y": 319.5092024539877
                }
            ]
        }
    ],
    "version": "2.2.0"
}