{
    "asset": {
        "format": "jpg",
        "id": "02e3a961d986b6879b6862d536459ed1",
        "name": "WIN_20231103_09_49_26_Pro.jpg",
        "path": "file:D:/tomato%20KHM/WIN_20231103_09_49_26_Pro.jpg",
        "size": {
            "width": 640,
            "height": 480
        },
        "state": 2,
        "type": 1
    },
    "regions": [
        {
            "id": "XdP4VUTa3",
            "type": "RECTANGLE",
            "tags": [
                "tomato"
            ],
            "boundingBox": {
                "height": 57.42331288343558,
                "width": 54.499424626006906,
                "left": 31.795166858458,
                "top": 195.8282208588957
            },
            "points": [
                {
                    "x": 31.795166858458,
                    "y": 195.8282208588957
                },
                {
                    "x": 86.2945914844649,
                    "y": 195.8282208588957
                },
                {
                    "x": 86.2945914844649,
                    "y": 253.25153374233128
                },
                {
                    "x": 31.795166858458,
                    "y": 253.25153374233128
                }
            ]
        },
        {
            "id": "5u69-i5br",
            "type": "RECTANGLE",
            "tags": [
                "tomato"
            ],
            "boundingBox": {
                "height": 55.214723926380366,
                "width": 53.026467203682394,
                "left": 118.69965477560415,
                "top": 156.80981595092024
            },
            "points": [
                {
                    "x": 118.69965477560415,
                    "y": 156.80981595092024
                },
                {
                    "x": 171.72612197928655,
                    "y": 156.80981595092024
                },
                {
                    "x": 171.72612197928655,
                    "y": 212.0245398773006
                },
                {
                    "x": 118.69965477560415,
                    "y": 212.0245398773006
                }
            ]
        }
    ],
    "version": "2.2.0"
}