{
    "asset": {
        "format": "jpg",
        "id": "02f723b449501d7362616bc07ef78928",
        "name": "WIN_20231102_17_18_35_Pro.jpg",
        "path": "file:D:/tomato%20KHM/WIN_20231102_17_18_35_Pro.jpg",
        "size": {
            "width": 640,
            "height": 480
        },
        "state": 2,
        "type": 1
    },
    "regions": [
        {
            "id": "Lt1jDLqvz",
            "type": "RECTANGLE",
            "tags": [
                "tomato"
            ],
            "boundingBox": {
                "height": 61.104294478527606,
                "width": 64.07364787111622,
                "left": 89.24050632911393,
                "top": 256.1963190184049
            },
            "points": [
                {
                    "x": 89.24050632911393,
                    "y": 256.1963190184049
                },
                {
                    "x": 153.31415420023015,
                    "y": 256.1963190184049
                },
                {
                    "x": 153.31415420023015,
                    "y": 317.3006134969325
                },
                {
                    "x": 89.24050632911393,
                    "y": 317.3006134969325
                }
            ]
        },
        {
            "id": "nVvp39NNj",
            "type": "RECTANGLE",
            "tags": [
                "tomato"
            ],
            "boundingBox": {
                "height": 73.61963190184049,
                "width": 67.75604142692751,
                "left": 280.72497123130034,
                "top": 382.0858895705521
            },
            "points": [
                {
                    "x": 280.72497123130034,
                    "y": 382.0858895705521
                },
                {
                    "x": 348.4810126582279,
                    "y": 382.0858895705521
                },
                {
                    "x": 348.4810126582279,
                    "y": 455.7055214723926
                },
                {
                    "x": 280.72497123130034,
                    "y": 455.7055214723926
                }
            ]
        },
        {
            "id": "ebNCOq7w1",
            "type": "RECTANGLE",
            "tags": [
                "tomato"
            ],
            "boundingBox": {
                "height": 29.447852760736197,
                "width": 93.53279631760645,
                "left": 250.52934407364788,
                "top": 450.5521472392638
            },
            "points": [
                {
                    "x": 250.52934407364788,
                    "y": 450.5521472392638
                },
                {
                    "x": 344.06214039125433,
                    "y": 450.5521472392638
                },
                {
                    "x": 344.06214039125433,
                    "y": 480
                },
                {
                    "x": 250.52934407364788,
                    "y": 480
                }
            ]
        }
    ],
    "version": "2.2.0"
}