{
    "asset": {
        "format": "jpg",
        "id": "03ea2be88e281414d28ca9b0d3c07397",
        "name": "WIN_20231102_17_05_50_Pro.jpg",
        "path": "file:D:/tomato%20KHM/WIN_20231102_17_05_50_Pro.jpg",
        "size": {
            "width": 640,
            "height": 480
        },
        "state": 2,
        "type": 1
    },
    "regions": [
        {
            "id": "upKoM8G53",
            "type": "RECTANGLE",
            "tags": [
                "tomato"
            ],
            "boundingBox": {
                "height": 80.98159509202453,
                "width": 78.80322209436133,
                "left": 20.747986191024168,
                "top": 362.2085889570552
            },
            "points": [
                {
                    "x": 20.747986191024168,
                    "y": 362.2085889570552
                },
                {
                    "x": 99.5512082853855,
                    "y": 362.2085889570552
                },
                {
                    "x": 99.5512082853855,
                    "y": 443.19018404907973
                },
                {
                    "x": 20.747986191024168,
                    "y": 443.19018404907973
                }
            ]
        },
        {
            "id": "P6scR1JVn",
            "type": "RECTANGLE",
            "tags": [
                "tomato"
            ],
            "boundingBox": {
                "height": 95.70552147239263,
                "width": 75.12082853855006,
                "left": 99.5512082853855,
                "top": 332.760736196319
            },
            "points": [
                {
                    "x": 99.5512082853855,
                    "y": 332.760736196319
                },
                {
                    "x": 174.67203682393557,
                    "y": 332.760736196319
                },
                {
                    "x": 174.67203682393557,
                    "y": 428.46625766871165
                },
                {
                    "x": 99.5512082853855,
                    "y": 428.46625766871165
                }
            ]
        }
    ],
    "version": "2.2.0"
}