{
    "asset": {
        "format": "jpg",
        "id": "0409f5b8395addbad7a2f2708e39b733",
        "name": "WIN_20231102_17_04_13_Pro.jpg",
        "path": "file:D:/tomato%20KHM/WIN_20231102_17_04_13_Pro.jpg",
        "size": {
            "width": 640,
            "height": 480
        },
        "state": 2,
        "type": 1
    },
    "regions": [
        {
            "id": "X_BFjEg6N",
            "type": "RECTANGLE",
            "tags": [
                "tomato"
            ],
            "boundingBox": {
                "height": 62.576687116564415,
                "width": 64.81012658227849,
                "left": 68.61910241657077,
                "top": 276.0736196319018
            },
            "points": [
                {
                    "x": 68.61910241657077,
                    "y": 276.0736196319018
                },
                {
                    "x": 133.42922899884925,
                    "y": 276.0736196319018
                },
                {
                    "x": 133.42922899884925,
                    "y": 338.6503067484662
                },
                {
                    "x": 68.61910241657077,
                    "y": 338.6503067484662
                }
            ]
        },
        {
            "id": "ssBF-m6JP",
            "type": "RECTANGLE",
            "tags": [
                "tomato"
            ],
            "boundingBox": {
                "height": 77.30061349693251,
                "width": 32.278481012658226,
                "left": 607.7215189873418,
                "top": 313.6196319018405
            },
            "points": [
                {
                    "x": 607.7215189873418,
                    "y": 313.6196319018405
                },
                {
                    "x": 640,
                    "y": 313.6196319018405
                },
                {
                    "x": 640,
                    "y": 390.920245398773
                },
                {
                    "x": 607.7215189873418,
                    "y": 390.920245398773
                }
            ]
        }
    ],
    "version": "2.2.0"
}