{
    "asset": {
        "format": "jpg",
        "id": "04787bb846c0e3401bd6506601296457",
        "name": "WIN_20231102_17_16_03_Pro.jpg",
        "path": "file:D:/tomato%20KHM/WIN_20231102_17_16_03_Pro.jpg",
        "size": {
            "width": 640,
            "height": 480
        },
        "state": 2,
        "type": 1
    },
    "regions": [
        {
            "id": "8VveBGoUR",
            "type": "RECTANGLE",
            "tags": [
                "tomato"
            ],
            "boundingBox": {
                "height": 61.104294478527606,
                "width": 71.43843498273878,
                "left": 42.105868814729575,
                "top": 179.6319018404908
            },
            "points": [
                {
                    "x": 42.105868814729575,
                    "y": 179.6319018404908
                },
                {
                    "x": 113.54430379746836,
                    "y": 179.6319018404908
                },
                {
                    "x": 113.54430379746836,
                    "y": 240.7361963190184
                },
                {
                    "x": 42.105868814729575,
                    "y": 240.7361963190184
                }
            ]
        },
        {
            "id": "5FYiZqGQG",
            "type": "RECTANGLE",
            "tags": [
                "tomato"
            ],
            "boundingBox": {
                "height": 55.95092024539877,
                "width": 63.33716915995397,
                "left": 1.5995397008055237,
                "top": 242.94478527607362
            },
            "points": [
                {
                    "x": 1.5995397008055237,
                    "y": 242.94478527607362
                },
                {
                    "x": 64.9367088607595,
                    "y": 242.94478527607362
                },
                {
                    "x": 64.9367088607595,
                    "y": 298.8957055214724
                },
                {
                    "x": 1.5995397008055237,
                    "y": 298.8957055214724
                }
            ]
        },
        {
            "id": "ogD_19ShF",
            "type": "RECTANGLE",
            "tags": [
                "tomato"
            ],
            "boundingBox": {
                "height": 77.30061349693251,
                "width": 68.49252013808976,
                "left": 277.77905638665135,
                "top": 379.1411042944785
            },
            "points": [
                {
                    "x": 277.77905638665135,
                    "y": 379.1411042944785
                },
                {
                    "x": 346.2715765247411,
                    "y": 379.1411042944785
                },
                {
                    "x": 346.2715765247411,
                    "y": 456.441717791411
                },
                {
                    "x": 277.77905638665135,
                    "y": 456.441717791411
                }
            ]
        },
        {
            "id": "et4f1LkOu",
            "type": "RECTANGLE",
            "tags": [
                "tomato"
            ],
            "boundingBox": {
                "height": 26.503067484662576,
                "width": 97.21518987341773,
                "left": 242.42807825086308,
                "top": 453.4969325153374
            },
            "points": [
                {
                    "x": 242.42807825086308,
                    "y": 453.4969325153374
                },
                {
                    "x": 339.6432681242808,
                    "y": 453.4969325153374
                },
                {
                    "x": 339.6432681242808,
                    "y": 480
                },
                {
                    "x": 242.42807825086308,
                    "y": 480
                }
            ]
        }
    ],
    "version": "2.2.0"
}