{
    "asset": {
        "format": "jpg",
        "id": "05f51dcb67c5f2e6b807130e8907794d",
        "name": "WIN_20231103_09_51_44_Pro.jpg",
        "path": "file:D:/tomato%20KHM/WIN_20231103_09_51_44_Pro.jpg",
        "size": {
            "width": 640,
            "height": 480
        },
        "state": 2,
        "type": 1
    },
    "regions": [
        {
            "id": "GmL36Q9ZN",
            "type": "RECTANGLE",
            "tags": [
                "tomato"
            ],
            "boundingBox": {
                "height": 63.31288343558282,
                "width": 58.918296892980436,
                "left": 86.2945914844649,
                "top": 203.92638036809814
            },
            "points": [
                {
                    "x": 86.2945914844649,
                    "y": 203.92638036809814
                },
                {
                    "x": 145.21288837744535,
                    "y": 203.92638036809814
                },
                {
                    "x": 145.21288837744535,
                    "y": 267.23926380368096
                },
                {
                    "x": 86.2945914844649,
                    "y": 267.23926380368096
                }
            ]
        },
        {
            "id": "yVXjYStiE",
            "type": "RECTANGLE",
            "tags": [
                "tomato"
            ],
            "boundingBox": {
                "height": 52.26993865030675,
                "width": 64.07364787111622,
                "left": 472.94591484464905,
                "top": 149.4478527607362
            },
            "points": [
                {
                    "x": 472.94591484464905,
                    "y": 149.4478527607362
                },
                {
                    "x": 537.0195627157652,
                    "y": 149.4478527607362
                },
                {
                    "x": 537.0195627157652,
                    "y": 201.71779141104292
                },
                {
                    "x": 472.94591484464905,
                    "y": 201.71779141104292
                }
            ]
        }
    ],
    "version": "2.2.0"
}