{
    "asset": {
        "format": "jpg",
        "id": "06ba655d05dd03bb5caced574f766f48",
        "name": "WIN_20231102_17_19_06_Pro.jpg",
        "path": "file:D:/tomato%20KHM/WIN_20231102_17_19_06_Pro.jpg",
        "size": {
            "width": 640,
            "height": 480
        },
        "state": 2,
        "type": 1
    },
    "regions": [
        {
            "id": "w7SvONQD6",
            "type": "RECTANGLE",
            "tags": [
                "tomato"
            ],
            "boundingBox": {
                "height": 80.24539877300613,
                "width": 79.5397008055236,
                "left": 150.36823935558112,
                "top": 307.73006134969324
            },
            "points": [
                {
                    "x": 150.36823935558112,
                    "y": 307.73006134969324
                },
                {
                    "x": 229.90794016110473,
                    "y": 307.73006134969324
                },
                {
                    "x": 229.90794016110473,
                    "y": 387.97546012269936
                },
                {
                    "x": 150.36823935558112,
                    "y": 387.97546012269936
                }
            ]
        },
        {
            "id": "m-ZR8DGMt",
            "type": "RECTANGLE",
            "tags": [
                "tomato"
            ],
            "boundingBox": {
                "height": 77.30061349693251,
                "width": 64.81012658227849,
                "left": 218.86075949367088,
                "top": 311.41104294478527
            },
            "points": [
                {
                    "x": 218.86075949367088,
                    "y": 311.41104294478527
                },
                {
                    "x": 283.6708860759494,
                    "y": 311.41104294478527
                },
                {
                    "x": 283.6708860759494,
                    "y": 388.71165644171776
                },
                {
                    "x": 218.86075949367088,
                    "y": 388.71165644171776
                }
            ]
        },
        {
            "id": "rWoo5aJmi",
            "type": "RECTANGLE",
            "tags": [
                "tomato"
            ],
            "boundingBox": {
                "height": 78.77300613496932,
                "width": 77.20368239355581,
                "left": 562.7963176064442,
                "top": 95.70552147239263
            },
            "points": [
                {
                    "x": 562.7963176064442,
                    "y": 95.70552147239263
                },
                {
                    "x": 640,
                    "y": 95.70552147239263
                },
                {
                    "x": 640,
                    "y": 174.47852760736197
                },
                {
                    "x": 562.7963176064442,
                    "y": 174.47852760736197
                }
            ]
        }
    ],
    "version": "2.2.0"
}