{
    "asset": {
        "format": "jpg",
        "id": "06cd8e0647ef6db702728d94d97544dc",
        "name": "WIN_20231103_09_37_04_Pro.jpg",
        "path": "file:D:/tomato%20KHM/WIN_20231103_09_37_04_Pro.jpg",
        "size": {
            "width": 640,
            "height": 480
        },
        "state": 2,
        "type": 1
    },
    "regions": [
        {
            "id": "mWjGGuCul",
            "type": "RECTANGLE",
            "tags": [
                "tomato"
            ],
            "boundingBox": {
                "height": 50.79754601226993,
                "width": 50.080552359033376,
                "left": 14.856156501726122,
                "top": 178.8957055214724
            },
            "points": [
                {
                    "x": 14.856156501726122,
                    "y": 178.8957055214724
                },
                {
                    "x": 64.9367088607595,
                    "y": 178.8957055214724
                },
                {
                    "x": 64.9367088607595,
                    "y": 229.6932515337423
                },
                {
                    "x": 14.856156501726122,
                    "y": 229.6932515337423
                }
            ]
        },
        {
            "id": "coeHOXB8p",
            "type": "RECTANGLE",
            "tags": [
                "tomato"
            ],
            "boundingBox": {
                "height": 53.00613496932515,
                "width": 63.33716915995397,
                "left": 328.596087456847,
                "top": 262.0858895705521
            },
            "points": [
                {
                    "x": 328.596087456847,
                    "y": 262.0858895705521
                },
                {
                    "x": 391.9332566168009,
                    "y": 262.0858895705521
                },
                {
                    "x": 391.9332566168009,
                    "y": 315.0920245398773
                },
                {
                    "x": 328.596087456847,
                    "y": 315.0920245398773
                }
            ]
        }
    ],
    "version": "2.2.0"
}