{
    "asset": {
        "format": "jpg",
        "id": "087adb1b629f0974b6e1971587c9de24",
        "name": "WIN_20231102_17_11_06_Pro.jpg",
        "path": "file:D:/tomato%20KHM/WIN_20231102_17_11_06_Pro.jpg",
        "size": {
            "width": 640,
            "height": 480
        },
        "state": 2,
        "type": 1
    },
    "regions": [
        {
            "id": "NMcQorb6-",
            "type": "RECTANGLE",
            "tags": [
                "tomato"
            ],
            "boundingBox": {
                "height": 58.895705521472394,
                "width": 61.86421173762946,
                "left": 20.747986191024168,
                "top": 229.6932515337423
            },
            "points": [
                {
                    "x": 20.747986191024168,
                    "y": 229.6932515337423
                },
                {
                    "x": 82.61219792865363,
                    "y": 229.6932515337423
                },
                {
                    "x": 82.61219792865363,
                    "y": 288.58895705521473
                },
                {
                    "x": 20.747986191024168,
                    "y": 288.58895705521473
                }
            ]
        },
        {
            "id": "Id4h3rmZD",
            "type": "RECTANGLE",
            "tags": [
                "tomato"
            ],
            "boundingBox": {
                "height": 84.66257668711656,
                "width": 74.38434982738781,
                "left": 284.40736478711165,
                "top": 251.77914110429447
            },
            "points": [
                {
                    "x": 284.40736478711165,
                    "y": 251.77914110429447
                },
                {
                    "x": 358.7917146144994,
                    "y": 251.77914110429447
                },
                {
                    "x": 358.7917146144994,
                    "y": 336.441717791411
                },
                {
                    "x": 284.40736478711165,
                    "y": 336.441717791411
                }
            ]
        },
        {
            "id": "a4mVJ9Hfu",
            "type": "RECTANGLE",
            "tags": [
                "tomato"
            ],
            "boundingBox": {
                "height": 67.73006134969324,
                "width": 76.59378596087457,
                "left": 240.95512082853855,
                "top": 355.5828220858896
            },
            "points": [
                {
                    "x": 240.95512082853855,
                    "y": 355.5828220858896
                },
                {
                    "x": 317.54890678941314,
                    "y": 355.5828220858896
                },
                {
                    "x": 317.54890678941314,
                    "y": 423.3128834355828
                },
                {
                    "x": 240.95512082853855,
                    "y": 423.3128834355828
                }
            ]
        },
        {
            "id": "GoPakONsy",
            "type": "RECTANGLE",
            "tags": [
                "tomato"
            ],
            "boundingBox": {
                "height": 66.99386503067484,
                "width": 78.06674338319908,
                "left": 327.8596087456847,
                "top": 385.03067484662574
            },
            "points": [
                {
                    "x": 327.8596087456847,
                    "y": 385.03067484662574
                },
                {
                    "x": 405.92635212888376,
                    "y": 385.03067484662574
                },
                {
                    "x": 405.92635212888376,
                    "y": 452.0245398773006
                },
                {
                    "x": 327.8596087456847,
                    "y": 452.0245398773006
                }
            ]
        }
    ],
    "version": "2.2.0"
}