{
    "asset": {
        "format": "jpg",
        "id": "0a3799dc8e1741d1a2bde6224122f3cb",
        "name": "WIN_20231103_09_44_11_Pro.jpg",
        "path": "file:D:/tomato%20KHM/WIN_20231103_09_44_11_Pro.jpg",
        "size": {
            "width": 640,
            "height": 480
        },
        "state": 2,
        "type": 1
    },
    "regions": [
        {
            "id": "Dy7jm54mw",
            "type": "RECTANGLE",
            "tags": [
                "tomato"
            ],
            "boundingBox": {
                "height": 70.67484662576686,
                "width": 78.80322209436133,
                "left": 265.258918296893,
                "top": 329.07975460122697
            },
            "points": [
                {
                    "x": 265.258918296893,
                    "y": 329.07975460122697
                },
                {
                    "x": 344.06214039125433,
                    "y": 329.07975460122697
                },
                {
                    "x": 344.06214039125433,
                    "y": 399.7546012269938
                },
                {
                    "x": 265.258918296893,
                    "y": 399.7546012269938
                }
            ]
        },
        {
            "id": "v2ca1gsnE",
            "type": "RECTANGLE",
            "tags": [
                "tomato"
            ],
            "boundingBox": {
                "height": 72.14723926380368,
                "width": 54.499424626006906,
                "left": 346.2715765247411,
                "top": 318.0368098159509
            },
            "points": [
                {
                    "x": 346.2715765247411,
                    "y": 318.0368098159509
                },
                {
                    "x": 400.771001150748,
                    "y": 318.0368098159509
                },
                {
                    "x": 400.771001150748,
                    "y": 390.1840490797546
                },
                {
                    "x": 346.2715765247411,
                    "y": 390.1840490797546
                }
            ]
        }
    ],
    "version": "2.2.0"
}