{
    "asset": {
        "format": "jpg",
        "id": "0b71a938ebbef7e003441d27f4ff64bb",
        "name": "WIN_20231102_17_13_15_Pro.jpg",
        "path": "file:D:/tomato%20KHM/WIN_20231102_17_13_15_Pro.jpg",
        "size": {
            "width": 640,
            "height": 480
        },
        "state": 2,
        "type": 1
    },
    "regions": [
        {
            "id": "H9yFYkl3y",
            "type": "RECTANGLE",
            "tags": [
                "tomato"
            ],
            "boundingBox": {
                "height": 54.47852760736196,
                "width": 61.127733026467205,
                "left": 34.004602991944765,
                "top": 161.96319018404907
            },
            "points": [
                {
                    "x": 34.004602991944765,
                    "y": 161.96319018404907
                },
                {
                    "x": 95.13233601841198,
                    "y": 161.96319018404907
                },
                {
                    "x": 95.13233601841198,
                    "y": 216.44171779141104
                },
                {
                    "x": 34.004602991944765,
                    "y": 216.44171779141104
                }
            ]
        },
        {
            "id": "171cP_quE",
            "type": "RECTANGLE",
            "tags": [
                "tomato"
            ],
            "boundingBox": {
                "height": 72.14723926380368,
                "width": 83.95857307249713,
                "left": 314.6029919447641,
                "top": 223.06748466257667
            },
            "points": [
                {
                    "x": 314.6029919447641,
                    "y": 223.06748466257667
                },
                {
                    "x": 398.5615650172612,
                    "y": 223.06748466257667
                },
                {
                    "x": 398.5615650172612,
                    "y": 295.2147239263804
                },
                {
                    "x": 314.6029919447641,
                    "y": 295.2147239263804
                }
            ]
        }
    ],
    "version": "2.2.0"
}