{
    "asset": {
        "format": "jpg",
        "id": "0c20febfc06b2c5c92a23b494c8e0bd2",
        "name": "WIN_20231102_17_16_14_Pro.jpg",
        "path": "file:D:/tomato%20KHM/WIN_20231102_17_16_14_Pro.jpg",
        "size": {
            "width": 640,
            "height": 480
        },
        "state": 2,
        "type": 1
    },
    "regions": [
        {
            "id": "AxndP_-ma",
            "type": "RECTANGLE",
            "tags": [
                "tomato"
            ],
            "boundingBox": {
                "height": 56.687116564417174,
                "width": 64.81012658227849,
                "left": 7.491369390103568,
                "top": 184.04907975460122
            },
            "points": [
                {
                    "x": 7.491369390103568,
                    "y": 184.04907975460122
                },
                {
                    "x": 72.30149597238206,
                    "y": 184.04907975460122
                },
                {
                    "x": 72.30149597238206,
                    "y": 240.7361963190184
                },
                {
                    "x": 7.491369390103568,
                    "y": 240.7361963190184
                }
            ]
        },
        {
            "id": "5u72LqlkJ",
            "type": "RECTANGLE",
            "tags": [
                "tomato"
            ],
            "boundingBox": {
                "height": 75.0920245398773,
                "width": 83.95857307249713,
                "left": 277.77905638665135,
                "top": 236.31901840490798
            },
            "points": [
                {
                    "x": 277.77905638665135,
                    "y": 236.31901840490798
                },
                {
                    "x": 361.7376294591485,
                    "y": 236.31901840490798
                },
                {
                    "x": 361.7376294591485,
                    "y": 311.41104294478527
                },
                {
                    "x": 277.77905638665135,
                    "y": 311.41104294478527
                }
            ]
        },
        {
            "id": "yUAACK_7Y",
            "type": "RECTANGLE",
            "tags": [
                "tomato"
            ],
            "boundingBox": {
                "height": 72.14723926380368,
                "width": 16.812428078250864,
                "left": 623.1875719217492,
                "top": 217.17791411042944
            },
            "points": [
                {
                    "x": 623.1875719217492,
                    "y": 217.17791411042944
                },
                {
                    "x": 640,
                    "y": 217.17791411042944
                },
                {
                    "x": 640,
                    "y": 289.32515337423314
                },
                {
                    "x": 623.1875719217492,
                    "y": 289.32515337423314
                }
            ]
        },
        {
            "id": "hQuePyxuD",
            "type": "RECTANGLE",
            "tags": [
                "tomato"
            ],
            "boundingBox": {
                "height": 42.69938650306748,
                "width": 36.82393555811277,
                "left": 584.1542002301496,
                "top": 291.53374233128835
            },
            "points": [
                {
                    "x": 584.1542002301496,
                    "y": 291.53374233128835
                },
                {
                    "x": 620.9781357882624,
                    "y": 291.53374233128835
                },
                {
                    "x": 620.9781357882624,
                    "y": 334.2331288343558
                },
                {
                    "x": 584.1542002301496,
                    "y": 334.2331288343558
                }
            ]
        }
    ],
    "version": "2.2.0"
}