{
    "asset": {
        "format": "jpg",
        "id": "0c6f3098ce7b4d34f0f6bd3e380a26e2",
        "name": "WIN_20231103_09_40_55_Pro.jpg",
        "path": "file:D:/tomato%20KHM/WIN_20231103_09_40_55_Pro.jpg",
        "size": {
            "width": 640,
            "height": 480
        },
        "state": 2,
        "type": 1
    },
    "regions": [
        {
            "id": "hY2an9Otu",
            "type": "RECTANGLE",
            "tags": [
                "tomato"
            ],
            "boundingBox": {
                "height": 75.0920245398773,
                "width": 73.64787111622555,
                "left": 343.3256616800921,
                "top": 314.3558282208589
            },
            "points": [
                {
                    "x": 343.3256616800921,
                    "y": 314.3558282208589
                },
                {
                    "x": 416.9735327963176,
                    "y": 314.3558282208589
                },
                {
                    "x": 416.9735327963176,
                    "y": 389.44785276073617
                },
                {
                    "x": 343.3256616800921,
                    "y": 389.44785276073617
                }
            ]
        },
        {
            "id": "bTSwdSppV",
            "type": "RECTANGLE",
            "tags": [
                "tomato"
            ],
            "boundingBox": {
                "height": 65.52147239263803,
                "width": 56.708860759493675,
                "left": 311.6570771001151,
                "top": 331.2883435582822
            },
            "points": [
                {
                    "x": 311.6570771001151,
                    "y": 331.2883435582822
                },
                {
                    "x": 368.3659378596088,
                    "y": 331.2883435582822
                },
                {
                    "x": 368.3659378596088,
                    "y": 396.8098159509202
                },
                {
                    "x": 311.6570771001151,
                    "y": 396.8098159509202
                }
            ]
        }
    ],
    "version": "2.2.0"
}