{
    "asset": {
        "format": "jpg",
        "id": "0ea1ccc7886661155ca9d28ba1e0184a",
        "name": "WIN_20231102_17_04_07_Pro.jpg",
        "path": "file:D:/tomato%20KHM/WIN_20231102_17_04_07_Pro.jpg",
        "size": {
            "width": 640,
            "height": 480
        },
        "state": 2,
        "type": 1
    },
    "regions": [
        {
            "id": "OVtFffj0X",
            "type": "RECTANGLE",
            "tags": [
                "tomato"
            ],
            "boundingBox": {
                "height": 65.52147239263803,
                "width": 74.38434982738781,
                "left": 303.5558112773303,
                "top": 332.760736196319
            },
            "points": [
                {
                    "x": 303.5558112773303,
                    "y": 332.760736196319
                },
                {
                    "x": 377.9401611047181,
                    "y": 332.760736196319
                },
                {
                    "x": 377.9401611047181,
                    "y": 398.282208588957
                },
                {
                    "x": 303.5558112773303,
                    "y": 398.282208588957
                }
            ]
        },
        {
            "id": "uHdT4dcYf",
            "type": "RECTANGLE",
            "tags": [
                "tomato"
            ],
            "boundingBox": {
                "height": 81.71779141104294,
                "width": 67.75604142692751,
                "left": 369.8388952819333,
                "top": 343.80368098159505
            },
            "points": [
                {
                    "x": 369.8388952819333,
                    "y": 343.80368098159505
                },
                {
                    "x": 437.59493670886076,
                    "y": 343.80368098159505
                },
                {
                    "x": 437.59493670886076,
                    "y": 425.52147239263803
                },
                {
                    "x": 369.8388952819333,
                    "y": 425.52147239263803
                }
            ]
        }
    ],
    "version": "2.2.0"
}