{
    "asset": {
        "format": "jpg",
        "id": "1059bbb22f1f30b036c95b74bb9728e1",
        "name": "WIN_20231103_09_49_12_Pro.jpg",
        "path": "file:D:/tomato%20KHM/WIN_20231103_09_49_12_Pro.jpg",
        "size": {
            "width": 640,
            "height": 480
        },
        "state": 2,
        "type": 1
    },
    "regions": [
        {
            "id": "nzQqkAV1V",
            "type": "RECTANGLE",
            "tags": [
                "tomato"
            ],
            "boundingBox": {
                "height": 54.47852760736196,
                "width": 48.607594936708864,
                "left": 249.05638665132338,
                "top": 268.71165644171776
            },
            "points": [
                {
                    "x": 249.05638665132338,
                    "y": 268.71165644171776
                },
                {
                    "x": 297.66398158803224,
                    "y": 268.71165644171776
                },
                {
                    "x": 297.66398158803224,
                    "y": 323.19018404907973
                },
                {
                    "x": 249.05638665132338,
                    "y": 323.19018404907973
                }
            ]
        },
        {
            "id": "4sfcAdQTI",
            "type": "RECTANGLE",
            "tags": [
                "tomato"
            ],
            "boundingBox": {
                "height": 74.3558282208589,
                "width": 69.96547756041427,
                "left": 297.66398158803224,
                "top": 251.04294478527606
            },
            "points": [
                {
                    "x": 297.66398158803224,
                    "y": 251.04294478527606
                },
                {
                    "x": 367.62945914844653,
                    "y": 251.04294478527606
                },
                {
                    "x": 367.62945914844653,
                    "y": 325.39877300613495
                },
                {
                    "x": 297.66398158803224,
                    "y": 325.39877300613495
                }
            ]
        }
    ],
    "version": "2.2.0"
}