{
    "asset": {
        "format": "jpg",
        "id": "14cec79f057d716150dd52f5beba771a",
        "name": "WIN_20231102_17_10_51_Pro.jpg",
        "path": "file:D:/tomato%20KHM/WIN_20231102_17_10_51_Pro.jpg",
        "size": {
            "width": 640,
            "height": 480
        },
        "state": 2,
        "type": 1
    },
    "regions": [
        {
            "id": "92GqK2njH",
            "type": "RECTANGLE",
            "tags": [
                "tomato"
            ],
            "boundingBox": {
                "height": 67.73006134969324,
                "width": 74.38434982738781,
                "left": 240.95512082853855,
                "top": 231.16564417177912
            },
            "points": [
                {
                    "x": 240.95512082853855,
                    "y": 231.16564417177912
                },
                {
                    "x": 315.3394706559264,
                    "y": 231.16564417177912
                },
                {
                    "x": 315.3394706559264,
                    "y": 298.8957055214724
                },
                {
                    "x": 240.95512082853855,
                    "y": 298.8957055214724
                }
            ]
        },
        {
            "id": "rQovnq8Y0",
            "type": "RECTANGLE",
            "tags": [
                "tomato"
            ],
            "boundingBox": {
                "height": 74.3558282208589,
                "width": 51.42692750287687,
                "left": 588.5730724971231,
                "top": 373.9877300613497
            },
            "points": [
                {
                    "x": 588.5730724971231,
                    "y": 373.9877300613497
                },
                {
                    "x": 640,
                    "y": 373.9877300613497
                },
                {
                    "x": 640,
                    "y": 448.34355828220856
                },
                {
                    "x": 588.5730724971231,
                    "y": 448.34355828220856
                }
            ]
        }
    ],
    "version": "2.2.0"
}