{
    "asset": {
        "format": "jpg",
        "id": "15b32f2241f863c8e092f3e3e1b878b1",
        "name": "WIN_20231103_09_37_02_Pro.jpg",
        "path": "file:D:/tomato%20KHM/WIN_20231103_09_37_02_Pro.jpg",
        "size": {
            "width": 640,
            "height": 480
        },
        "state": 2,
        "type": 1
    },
    "regions": [
        {
            "id": "_lbATJJal",
            "type": "RECTANGLE",
            "tags": [
                "tomato"
            ],
            "boundingBox": {
                "height": 50.79754601226993,
                "width": 48.607594936708864,
                "left": 17.065592635212887,
                "top": 178.8957055214724
            },
            "points": [
                {
                    "x": 17.065592635212887,
                    "y": 178.8957055214724
                },
                {
                    "x": 65.67318757192176,
                    "y": 178.8957055214724
                },
                {
                    "x": 65.67318757192176,
                    "y": 229.6932515337423
                },
                {
                    "x": 17.065592635212887,
                    "y": 229.6932515337423
                }
            ]
        },
        {
            "id": "p2S-275Oh",
            "type": "RECTANGLE",
            "tags": [
                "tomato"
            ],
            "boundingBox": {
                "height": 59.6319018404908,
                "width": 67.01956271576525,
                "left": 330.0690448791715,
                "top": 259.8773006134969
            },
            "points": [
                {
                    "x": 330.0690448791715,
                    "y": 259.8773006134969
                },
                {
                    "x": 397.0886075949367,
                    "y": 259.8773006134969
                },
                {
                    "x": 397.0886075949367,
                    "y": 319.5092024539877
                },
                {
                    "x": 330.0690448791715,
                    "y": 319.5092024539877
                }
            ]
        }
    ],
    "version": "2.2.0"
}