{
    "asset": {
        "format": "jpg",
        "id": "1855c287600f2fdc64d9ce61409ef7cb",
        "name": "WIN_20231102_17_03_57_Pro.jpg",
        "path": "file:D:/tomato%20KHM/WIN_20231102_17_03_57_Pro.jpg",
        "size": {
            "width": 640,
            "height": 480
        },
        "state": 2,
        "type": 1
    },
    "regions": [
        {
            "id": "NQplq1EVP",
            "type": "RECTANGLE",
            "tags": [
                "tomato"
            ],
            "boundingBox": {
                "height": 65.52147239263803,
                "width": 52.416570771001155,
                "left": 0,
                "top": 414.47852760736197
            },
            "points": [
                {
                    "x": 0,
                    "y": 414.47852760736197
                },
                {
                    "x": 52.416570771001155,
                    "y": 414.47852760736197
                },
                {
                    "x": 52.416570771001155,
                    "y": 480
                },
                {
                    "x": 0,
                    "y": 480
                }
            ]
        },
        {
            "id": "PLyj8u3tY",
            "type": "RECTANGLE",
            "tags": [
                "tomato"
            ],
            "boundingBox": {
                "height": 85.39877300613496,
                "width": 77.33026467203683,
                "left": 306.5017261219793,
                "top": 377.6687116564417
            },
            "points": [
                {
                    "x": 306.5017261219793,
                    "y": 377.6687116564417
                },
                {
                    "x": 383.8319907940161,
                    "y": 377.6687116564417
                },
                {
                    "x": 383.8319907940161,
                    "y": 463.06748466257665
                },
                {
                    "x": 306.5017261219793,
                    "y": 463.06748466257665
                }
            ]
        }
    ],
    "version": "2.2.0"
}