{
    "asset": {
        "format": "jpg",
        "id": "18f06094e5a9f6d2ba0af6dd5abd1a1e",
        "name": "WIN_20231102_17_05_46_Pro.jpg",
        "path": "file:D:/tomato%20KHM/WIN_20231102_17_05_46_Pro.jpg",
        "size": {
            "width": 640,
            "height": 480
        },
        "state": 2,
        "type": 1
    },
    "regions": [
        {
            "id": "WPvXh1qUY",
            "type": "RECTANGLE",
            "tags": [
                "tomato"
            ],
            "boundingBox": {
                "height": 82.45398773006134,
                "width": 79.5397008055236,
                "left": 24.430379746835445,
                "top": 365.88957055214723
            },
            "points": [
                {
                    "x": 24.430379746835445,
                    "y": 365.88957055214723
                },
                {
                    "x": 103.97008055235904,
                    "y": 365.88957055214723
                },
                {
                    "x": 103.97008055235904,
                    "y": 448.34355828220856
                },
                {
                    "x": 24.430379746835445,
                    "y": 448.34355828220856
                }
            ]
        },
        {
            "id": "0ZTTkEAht",
            "type": "RECTANGLE",
            "tags": [
                "tomato"
            ],
            "boundingBox": {
                "height": 88.34355828220859,
                "width": 69.22899884925202,
                "left": 95.13233601841198,
                "top": 335.7055214723926
            },
            "points": [
                {
                    "x": 95.13233601841198,
                    "y": 335.7055214723926
                },
                {
                    "x": 164.361334867664,
                    "y": 335.7055214723926
                },
                {
                    "x": 164.361334867664,
                    "y": 424.0490797546012
                },
                {
                    "x": 95.13233601841198,
                    "y": 424.0490797546012
                }
            ]
        }
    ],
    "version": "2.2.0"
}