{
    "asset": {
        "format": "jpg",
        "id": "1a8b6df25238938c2f631eaa37c14178",
        "name": "WIN_20231102_17_19_09_Pro.jpg",
        "path": "file:D:/tomato%20KHM/WIN_20231102_17_19_09_Pro.jpg",
        "size": {
            "width": 640,
            "height": 480
        },
        "state": 2,
        "type": 1
    },
    "regions": [
        {
            "id": "tMXss7m77",
            "type": "RECTANGLE",
            "tags": [
                "tomato"
            ],
            "boundingBox": {
                "height": 73.61963190184049,
                "width": 48.734177215189874,
                "left": 0,
                "top": 283.4355828220859
            },
            "points": [
                {
                    "x": 0,
                    "y": 283.4355828220859
                },
                {
                    "x": 48.734177215189874,
                    "y": 283.4355828220859
                },
                {
                    "x": 48.734177215189874,
                    "y": 357.0552147239264
                },
                {
                    "x": 0,
                    "y": 357.0552147239264
                }
            ]
        },
        {
            "id": "ONFnez2Xw",
            "type": "RECTANGLE",
            "tags": [
                "tomato"
            ],
            "boundingBox": {
                "height": 76.56441717791411,
                "width": 78.06674338319908,
                "left": 258.6306098964327,
                "top": 79.50920245398773
            },
            "points": [
                {
                    "x": 258.6306098964327,
                    "y": 79.50920245398773
                },
                {
                    "x": 336.6973532796318,
                    "y": 79.50920245398773
                },
                {
                    "x": 336.6973532796318,
                    "y": 156.07361963190183
                },
                {
                    "x": 258.6306098964327,
                    "y": 156.07361963190183
                }
            ]
        },
        {
            "id": "EyM1Z-ie9",
            "type": "RECTANGLE",
            "tags": [
                "tomato"
            ],
            "boundingBox": {
                "height": 65.52147239263803,
                "width": 54.372842347525896,
                "left": 585.6271576524741,
                "top": 99.38650306748465
            },
            "points": [
                {
                    "x": 585.6271576524741,
                    "y": 99.38650306748465
                },
                {
                    "x": 640,
                    "y": 99.38650306748465
                },
                {
                    "x": 640,
                    "y": 164.90797546012269
                },
                {
                    "x": 585.6271576524741,
                    "y": 164.90797546012269
                }
            ]
        }
    ],
    "version": "2.2.0"
}