{
    "asset": {
        "format": "jpg",
        "id": "1ab15fb00c34e53a0902f0e2f8080f27",
        "name": "WIN_20231103_09_48_24_Pro.jpg",
        "path": "file:D:/tomato%20KHM/WIN_20231103_09_48_24_Pro.jpg",
        "size": {
            "width": 640,
            "height": 480
        },
        "state": 2,
        "type": 1
    },
    "regions": [
        {
            "id": "uT-JgCMyS",
            "type": "RECTANGLE",
            "tags": [
                "tomato"
            ],
            "boundingBox": {
                "height": 48.58895705521472,
                "width": 46.398158803222096,
                "left": 302.08285385500574,
                "top": 286.3803680981595
            },
            "points": [
                {
                    "x": 302.08285385500574,
                    "y": 286.3803680981595
                },
                {
                    "x": 348.4810126582279,
                    "y": 286.3803680981595
                },
                {
                    "x": 348.4810126582279,
                    "y": 334.9693251533742
                },
                {
                    "x": 302.08285385500574,
                    "y": 334.9693251533742
                }
            ]
        },
        {
            "id": "cXmxcHJ4K",
            "type": "RECTANGLE",
            "tags": [
                "tomato"
            ],
            "boundingBox": {
                "height": 86.87116564417178,
                "width": 62.60069044879172,
                "left": 351.4269275028769,
                "top": 301.840490797546
            },
            "points": [
                {
                    "x": 351.4269275028769,
                    "y": 301.840490797546
                },
                {
                    "x": 414.0276179516686,
                    "y": 301.840490797546
                },
                {
                    "x": 414.0276179516686,
                    "y": 388.71165644171776
                },
                {
                    "x": 351.4269275028769,
                    "y": 388.71165644171776
                }
            ]
        }
    ],
    "version": "2.2.0"
}