{
    "asset": {
        "format": "jpg",
        "id": "1e0ca1a5714213c257a4865f41f9dc05",
        "name": "WIN_20231103_09_44_09_Pro.jpg",
        "path": "file:D:/tomato%20KHM/WIN_20231103_09_44_09_Pro.jpg",
        "size": {
            "width": 640,
            "height": 480
        },
        "state": 2,
        "type": 1
    },
    "regions": [
        {
            "id": "Y3DDozBmz",
            "type": "RECTANGLE",
            "tags": [
                "tomato"
            ],
            "boundingBox": {
                "height": 89.079754601227,
                "width": 58.918296892980436,
                "left": 1.5995397008055237,
                "top": 275.3374233128834
            },
            "points": [
                {
                    "x": 1.5995397008055237,
                    "y": 275.3374233128834
                },
                {
                    "x": 60.517836593785965,
                    "y": 275.3374233128834
                },
                {
                    "x": 60.517836593785965,
                    "y": 364.4171779141104
                },
                {
                    "x": 1.5995397008055237,
                    "y": 364.4171779141104
                }
            ]
        },
        {
            "id": "gS6JpcCRp",
            "type": "RECTANGLE",
            "tags": [
                "tomato"
            ],
            "boundingBox": {
                "height": 78.77300613496932,
                "width": 70.57537399309547,
                "left": 328.596087456847,
                "top": 312.14723926380367
            },
            "points": [
                {
                    "x": 328.596087456847,
                    "y": 312.14723926380367
                },
                {
                    "x": 399.17146144994246,
                    "y": 312.14723926380367
                },
                {
                    "x": 399.17146144994246,
                    "y": 390.920245398773
                },
                {
                    "x": 328.596087456847,
                    "y": 390.920245398773
                }
            ]
        },
        {
            "id": "ssiG49JCt",
            "type": "RECTANGLE",
            "tags": [
                "tomato"
            ],
            "boundingBox": {
                "height": 68.46625766871165,
                "width": 46.398158803222096,
                "left": 406.66283084004607,
                "top": 312.14723926380367
            },
            "points": [
                {
                    "x": 406.66283084004607,
                    "y": 312.14723926380367
                },
                {
                    "x": 453.06098964326816,
                    "y": 312.14723926380367
                },
                {
                    "x": 453.06098964326816,
                    "y": 380.6134969325153
                },
                {
                    "x": 406.66283084004607,
                    "y": 380.6134969325153
                }
            ]
        }
    ],
    "version": "2.2.0"
}