{
    "asset": {
        "format": "jpg",
        "id": "1e31c301f7fa2e6c3191dba957da6143",
        "name": "WIN_20231102_17_05_39_Pro.jpg",
        "path": "file:D:/tomato%20KHM/WIN_20231102_17_05_39_Pro.jpg",
        "size": {
            "width": 640,
            "height": 480
        },
        "state": 2,
        "type": 1
    },
    "regions": [
        {
            "id": "yhOdB6mSV",
            "type": "RECTANGLE",
            "tags": [
                "tomato"
            ],
            "boundingBox": {
                "height": 72.88343558282209,
                "width": 61.001150747986195,
                "left": 2.3360184119677796,
                "top": 395.3374233128834
            },
            "points": [
                {
                    "x": 2.3360184119677796,
                    "y": 395.3374233128834
                },
                {
                    "x": 63.33716915995397,
                    "y": 395.3374233128834
                },
                {
                    "x": 63.33716915995397,
                    "y": 468.2208588957055
                },
                {
                    "x": 2.3360184119677796,
                    "y": 468.2208588957055
                }
            ]
        },
        {
            "id": "ekbO1YLN-",
            "type": "RECTANGLE",
            "tags": [
                "tomato"
            ],
            "boundingBox": {
                "height": 68.46625766871165,
                "width": 70.70195627157653,
                "left": 35.47756041426928,
                "top": 348.95705521472394
            },
            "points": [
                {
                    "x": 35.47756041426928,
                    "y": 348.95705521472394
                },
                {
                    "x": 106.1795166858458,
                    "y": 348.95705521472394
                },
                {
                    "x": 106.1795166858458,
                    "y": 417.4233128834356
                },
                {
                    "x": 35.47756041426928,
                    "y": 417.4233128834356
                }
            ]
        },
        {
            "id": "ciUBW2zZu",
            "type": "RECTANGLE",
            "tags": [
                "tomato"
            ],
            "boundingBox": {
                "height": 78.03680981595092,
                "width": 89.85040276179517,
                "left": 313.1300345224396,
                "top": 392.3926380368098
            },
            "points": [
                {
                    "x": 313.1300345224396,
                    "y": 392.3926380368098
                },
                {
                    "x": 402.98043728423477,
                    "y": 392.3926380368098
                },
                {
                    "x": 402.98043728423477,
                    "y": 470.4294478527607
                },
                {
                    "x": 313.1300345224396,
                    "y": 470.4294478527607
                }
            ]
        }
    ],
    "version": "2.2.0"
}