{
    "asset": {
        "format": "jpg",
        "id": "1e82fea102d53148a93630e395db1612",
        "name": "WIN_20231103_10_08_50_Pro.jpg",
        "path": "file:D:/tomato%20KHM/WIN_20231103_10_08_50_Pro.jpg",
        "size": {
            "width": 640,
            "height": 480
        },
        "state": 2,
        "type": 1
    },
    "regions": [
        {
            "id": "X0MxahtTp",
            "type": "RECTANGLE",
            "tags": [
                "tomato"
            ],
            "boundingBox": {
                "height": 69.20245398773005,
                "width": 67.01956271576525,
                "left": 129.74683544303798,
                "top": 314.3558282208589
            },
            "points": [
                {
                    "x": 129.74683544303798,
                    "y": 314.3558282208589
                },
                {
                    "x": 196.76639815880324,
                    "y": 314.3558282208589
                },
                {
                    "x": 196.76639815880324,
                    "y": 383.55828220858893
                },
                {
                    "x": 129.74683544303798,
                    "y": 383.55828220858893
                }
            ]
        },
        {
            "id": "bawjLnBI8",
            "type": "RECTANGLE",
            "tags": [
                "tomato"
            ],
            "boundingBox": {
                "height": 57.42331288343558,
                "width": 23.69390103567319,
                "left": 0,
                "top": 240
            },
            "points": [
                {
                    "x": 0,
                    "y": 240
                },
                {
                    "x": 23.69390103567319,
                    "y": 240
                },
                {
                    "x": 23.69390103567319,
                    "y": 297.4233128834356
                },
                {
                    "x": 0,
                    "y": 297.4233128834356
                }
            ]
        },
        {
            "id": "kECTreEMV",
            "type": "RECTANGLE",
            "tags": [
                "tomato"
            ],
            "boundingBox": {
                "height": 73.61963190184049,
                "width": 41.979286536248566,
                "left": 573.843498273878,
                "top": 280.49079754601223
            },
            "points": [
                {
                    "x": 573.843498273878,
                    "y": 280.49079754601223
                },
                {
                    "x": 615.8227848101266,
                    "y": 280.49079754601223
                },
                {
                    "x": 615.8227848101266,
                    "y": 354.11042944785277
                },
                {
                    "x": 573.843498273878,
                    "y": 354.11042944785277
                }
            ]
        }
    ],
    "version": "2.2.0"
}