{
    "asset": {
        "format": "jpg",
        "id": "203eac9ae814c63b9f72ebe8464b14a2",
        "name": "WIN_20231103_09_52_05_Pro.jpg",
        "path": "file:D:/tomato%20KHM/WIN_20231103_09_52_05_Pro.jpg",
        "size": {
            "width": 640,
            "height": 480
        },
        "state": 2,
        "type": 1
    },
    "regions": [
        {
            "id": "dvAbcv9wb",
            "type": "RECTANGLE",
            "tags": [
                "tomato"
            ],
            "boundingBox": {
                "height": 75.0920245398773,
                "width": 49.34407364787113,
                "left": 4.545454545454546,
                "top": 293.00613496932516
            },
            "points": [
                {
                    "x": 4.545454545454546,
                    "y": 293.00613496932516
                },
                {
                    "x": 53.889528193325674,
                    "y": 293.00613496932516
                },
                {
                    "x": 53.889528193325674,
                    "y": 368.09815950920245
                },
                {
                    "x": 4.545454545454546,
                    "y": 368.09815950920245
                }
            ]
        },
        {
            "id": "VTheuoc5_",
            "type": "RECTANGLE",
            "tags": [
                "tomato"
            ],
            "boundingBox": {
                "height": 42.69938650306748,
                "width": 55.23590333716916,
                "left": 9.700805523590335,
                "top": 373.9877300613497
            },
            "points": [
                {
                    "x": 9.700805523590335,
                    "y": 373.9877300613497
                },
                {
                    "x": 64.9367088607595,
                    "y": 373.9877300613497
                },
                {
                    "x": 64.9367088607595,
                    "y": 416.6871165644172
                },
                {
                    "x": 9.700805523590335,
                    "y": 416.6871165644172
                }
            ]
        }
    ],
    "version": "2.2.0"
}