{
    "asset": {
        "format": "jpg",
        "id": "20ffa83eff7d597a1716f484f76b4e59",
        "name": "WIN_20231102_17_13_23_Pro.jpg",
        "path": "file:D:/tomato%20KHM/WIN_20231102_17_13_23_Pro.jpg",
        "size": {
            "width": 640,
            "height": 480
        },
        "state": 2,
        "type": 1
    },
    "regions": [
        {
            "id": "z_B7qWIXT",
            "type": "RECTANGLE",
            "tags": [
                "tomato"
            ],
            "boundingBox": {
                "height": 66.99386503067484,
                "width": 39.7698504027618,
                "left": 0.12658227848101267,
                "top": 201.71779141104292
            },
            "points": [
                {
                    "x": 0.12658227848101267,
                    "y": 201.71779141104292
                },
                {
                    "x": 39.89643268124281,
                    "y": 201.71779141104292
                },
                {
                    "x": 39.89643268124281,
                    "y": 268.71165644171776
                },
                {
                    "x": 0.12658227848101267,
                    "y": 268.71165644171776
                }
            ]
        },
        {
            "id": "sNa7JM5wK",
            "type": "RECTANGLE",
            "tags": [
                "tomato"
            ],
            "boundingBox": {
                "height": 42.69938650306748,
                "width": 67.75604142692751,
                "left": 260.84004602991945,
                "top": 284.9079754601227
            },
            "points": [
                {
                    "x": 260.84004602991945,
                    "y": 284.9079754601227
                },
                {
                    "x": 328.596087456847,
                    "y": 284.9079754601227
                },
                {
                    "x": 328.596087456847,
                    "y": 327.60736196319016
                },
                {
                    "x": 260.84004602991945,
                    "y": 327.60736196319016
                }
            ]
        },
        {
            "id": "u6FLui4iU",
            "type": "RECTANGLE",
            "tags": [
                "tomato"
            ],
            "boundingBox": {
                "height": 76.56441717791411,
                "width": 78.06674338319908,
                "left": 334.487917146145,
                "top": 232.63803680981593
            },
            "points": [
                {
                    "x": 334.487917146145,
                    "y": 232.63803680981593
                },
                {
                    "x": 412.55466052934406,
                    "y": 232.63803680981593
                },
                {
                    "x": 412.55466052934406,
                    "y": 309.20245398773005
                },
                {
                    "x": 334.487917146145,
                    "y": 309.20245398773005
                }
            ]
        },
        {
            "id": "-8ifCwmu4",
            "type": "RECTANGLE",
            "tags": [
                "tomato"
            ],
            "boundingBox": {
                "height": 56.687116564417174,
                "width": 19.8849252013809,
                "left": 595.9378596087457,
                "top": 321.7177914110429
            },
            "points": [
                {
                    "x": 595.9378596087457,
                    "y": 321.7177914110429
                },
                {
                    "x": 615.8227848101266,
                    "y": 321.7177914110429
                },
                {
                    "x": 615.8227848101266,
                    "y": 378.4049079754601
                },
                {
                    "x": 595.9378596087457,
                    "y": 378.4049079754601
                }
            ]
        },
        {
            "id": "LgKw7xQC_",
            "type": "RECTANGLE",
            "tags": [
                "tomato"
            ],
            "boundingBox": {
                "height": 57.42331288343558,
                "width": 12.39355581127733,
                "left": 627.6064441887227,
                "top": 368.09815950920245
            },
            "points": [
                {
                    "x": 627.6064441887227,
                    "y": 368.09815950920245
                },
                {
                    "x": 640,
                    "y": 368.09815950920245
                },
                {
                    "x": 640,
                    "y": 425.52147239263803
                },
                {
                    "x": 627.6064441887227,
                    "y": 425.52147239263803
                }
            ]
        }
    ],
    "version": "2.2.0"
}