{
    "asset": {
        "format": "jpg",
        "id": "21341f2886df10e21f2275422cdf41b4",
        "name": "WIN_20231102_17_12_00_Pro.jpg",
        "path": "file:D:/tomato%20KHM/WIN_20231102_17_12_00_Pro.jpg",
        "size": {
            "width": 640,
            "height": 480
        },
        "state": 2,
        "type": 1
    },
    "regions": [
        {
            "id": "mOiI2EVtE",
            "type": "RECTANGLE",
            "tags": [
                "tomato"
            ],
            "boundingBox": {
                "height": 64.04907975460122,
                "width": 58.18181818181819,
                "left": 12.646720368239356,
                "top": 140.61349693251532
            },
            "points": [
                {
                    "x": 12.646720368239356,
                    "y": 140.61349693251532
                },
                {
                    "x": 70.82853855005754,
                    "y": 140.61349693251532
                },
                {
                    "x": 70.82853855005754,
                    "y": 204.66257668711657
                },
                {
                    "x": 12.646720368239356,
                    "y": 204.66257668711657
                }
            ]
        },
        {
            "id": "8ZDvCiH4r",
            "type": "RECTANGLE",
            "tags": [
                "tomato"
            ],
            "boundingBox": {
                "height": 72.88343558282209,
                "width": 78.80322209436133,
                "left": 497.98619102416575,
                "top": 192.14723926380367
            },
            "points": [
                {
                    "x": 497.98619102416575,
                    "y": 192.14723926380367
                },
                {
                    "x": 576.789413118527,
                    "y": 192.14723926380367
                },
                {
                    "x": 576.789413118527,
                    "y": 265.03067484662574
                },
                {
                    "x": 497.98619102416575,
                    "y": 265.03067484662574
                }
            ]
        }
    ],
    "version": "2.2.0"
}