{
    "asset": {
        "format": "jpg",
        "id": "218170e1fb4ccc5cd18561fcd6742ed9",
        "name": "WIN_20231102_17_16_21_Pro.jpg",
        "path": "file:D:/tomato%20KHM/WIN_20231102_17_16_21_Pro.jpg",
        "size": {
            "width": 640,
            "height": 480
        },
        "state": 2,
        "type": 1
    },
    "regions": [
        {
            "id": "hf_ohkjdb",
            "type": "RECTANGLE",
            "tags": [
                "tomato"
            ],
            "boundingBox": {
                "height": 87.60736196319019,
                "width": 92.05983889528194,
                "left": 215.91484464902186,
                "top": 233.37423312883433
            },
            "points": [
                {
                    "x": 215.91484464902186,
                    "y": 233.37423312883433
                },
                {
                    "x": 307.9746835443038,
                    "y": 233.37423312883433
                },
                {
                    "x": 307.9746835443038,
                    "y": 320.9815950920245
                },
                {
                    "x": 215.91484464902186,
                    "y": 320.9815950920245
                }
            ]
        },
        {
            "id": "xc4aFGAfF",
            "type": "RECTANGLE",
            "tags": [
                "tomato"
            ],
            "boundingBox": {
                "height": 66.25766871165644,
                "width": 73.64787111622555,
                "left": 481.04718066743385,
                "top": 197.3006134969325
            },
            "points": [
                {
                    "x": 481.04718066743385,
                    "y": 197.3006134969325
                },
                {
                    "x": 554.6950517836594,
                    "y": 197.3006134969325
                },
                {
                    "x": 554.6950517836594,
                    "y": 263.55828220858893
                },
                {
                    "x": 481.04718066743385,
                    "y": 263.55828220858893
                }
            ]
        }
    ],
    "version": "2.2.0"
}