{
    "asset": {
        "format": "jpg",
        "id": "2838952c4127b105695387500d8c4941",
        "name": "WIN_20231102_17_13_09_Pro.jpg",
        "path": "file:D:/tomato%20KHM/WIN_20231102_17_13_09_Pro.jpg",
        "size": {
            "width": 640,
            "height": 480
        },
        "state": 2,
        "type": 1
    },
    "regions": [
        {
            "id": "0GDFemvu4",
            "type": "RECTANGLE",
            "tags": [
                "tomato"
            ],
            "boundingBox": {
                "height": 76.56441717791411,
                "width": 82.48561565017262,
                "left": 39.15995397008055,
                "top": 228.2208588957055
            },
            "points": [
                {
                    "x": 39.15995397008055,
                    "y": 228.2208588957055
                },
                {
                    "x": 121.64556962025317,
                    "y": 228.2208588957055
                },
                {
                    "x": 121.64556962025317,
                    "y": 304.7852760736196
                },
                {
                    "x": 39.15995397008055,
                    "y": 304.7852760736196
                }
            ]
        },
        {
            "id": "r9SIy-rQQ",
            "type": "RECTANGLE",
            "tags": [
                "tomato"
            ],
            "boundingBox": {
                "height": 63.31288343558282,
                "width": 71.43843498273878,
                "left": 276.30609896432685,
                "top": 166.3803680981595
            },
            "points": [
                {
                    "x": 276.30609896432685,
                    "y": 166.3803680981595
                },
                {
                    "x": 347.74453394706563,
                    "y": 166.3803680981595
                },
                {
                    "x": 347.74453394706563,
                    "y": 229.6932515337423
                },
                {
                    "x": 276.30609896432685,
                    "y": 229.6932515337423
                }
            ]
        }
    ],
    "version": "2.2.0"
}