{
    "asset": {
        "format": "jpg",
        "id": "2b0aead7463f579579b72544e8f0b2ef",
        "name": "WIN_20231102_17_03_47_Pro.jpg",
        "path": "file:D:/tomato%20KHM/WIN_20231102_17_03_47_Pro.jpg",
        "size": {
            "width": 640,
            "height": 480
        },
        "state": 2,
        "type": 1
    },
    "regions": [
        {
            "id": "JXrXm6386",
            "type": "RECTANGLE",
            "tags": [
                "tomato"
            ],
            "boundingBox": {
                "height": 86.13496932515336,
                "width": 89.11392405063292,
                "left": 298.4004602991945,
                "top": 360
            },
            "points": [
                {
                    "x": 298.4004602991945,
                    "y": 360
                },
                {
                    "x": 387.5143843498274,
                    "y": 360
                },
                {
                    "x": 387.5143843498274,
                    "y": 446.13496932515335
                },
                {
                    "x": 298.4004602991945,
                    "y": 446.13496932515335
                }
            ]
        }
    ],
    "version": "2.2.0"
}