{
    "asset": {
        "format": "jpg",
        "id": "2b84b8fd99c0e5380fefbfdfc5308bc6",
        "name": "WIN_20231103_09_44_24_Pro.jpg",
        "path": "file:D:/tomato%20KHM/WIN_20231103_09_44_24_Pro.jpg",
        "size": {
            "width": 640,
            "height": 480
        },
        "state": 2,
        "type": 1
    },
    "regions": [
        {
            "id": "P2M_0dSbO",
            "type": "RECTANGLE",
            "tags": [
                "tomato"
            ],
            "boundingBox": {
                "height": 96.44171779141104,
                "width": 33.878020713463755,
                "left": 0.12658227848101267,
                "top": 335.7055214723926
            },
            "points": [
                {
                    "x": 0.12658227848101267,
                    "y": 335.7055214723926
                },
                {
                    "x": 34.004602991944765,
                    "y": 335.7055214723926
                },
                {
                    "x": 34.004602991944765,
                    "y": 432.14723926380367
                },
                {
                    "x": 0.12658227848101267,
                    "y": 432.14723926380367
                }
            ]
        },
        {
            "id": "D528psw8a",
            "type": "RECTANGLE",
            "tags": [
                "tomato"
            ],
            "boundingBox": {
                "height": 69.93865030674846,
                "width": 75.85730724971232,
                "left": 316.07594936708864,
                "top": 340.85889570552143
            },
            "points": [
                {
                    "x": 316.07594936708864,
                    "y": 340.85889570552143
                },
                {
                    "x": 391.9332566168009,
                    "y": 340.85889570552143
                },
                {
                    "x": 391.9332566168009,
                    "y": 410.79754601226995
                },
                {
                    "x": 316.07594936708864,
                    "y": 410.79754601226995
                }
            ]
        },
        {
            "id": "rOB58BJHk",
            "type": "RECTANGLE",
            "tags": [
                "tomato"
            ],
            "boundingBox": {
                "height": 78.03680981595092,
                "width": 41.979286536248566,
                "left": 397.82508630609897,
                "top": 321.7177914110429
            },
            "points": [
                {
                    "x": 397.82508630609897,
                    "y": 321.7177914110429
                },
                {
                    "x": 439.80437284234756,
                    "y": 321.7177914110429
                },
                {
                    "x": 439.80437284234756,
                    "y": 399.7546012269938
                },
                {
                    "x": 397.82508630609897,
                    "y": 399.7546012269938
                }
            ]
        }
    ],
    "version": "2.2.0"
}