{
    "asset": {
        "format": "jpg",
        "id": "2e25af634184101f0952aaa5816de7d4",
        "name": "WIN_20231102_17_08_23_Pro.jpg",
        "path": "file:D:/tomato%20KHM/WIN_20231102_17_08_23_Pro.jpg",
        "size": {
            "width": 640,
            "height": 480
        },
        "state": 2,
        "type": 1
    },
    "regions": [
        {
            "id": "CUrKlx1H-",
            "type": "RECTANGLE",
            "tags": [
                "tomato"
            ],
            "boundingBox": {
                "height": 69.20245398773005,
                "width": 71.43843498273878,
                "left": 145.21288837744535,
                "top": 309.20245398773005
            },
            "points": [
                {
                    "x": 145.21288837744535,
                    "y": 309.20245398773005
                },
                {
                    "x": 216.65132336018414,
                    "y": 309.20245398773005
                },
                {
                    "x": 216.65132336018414,
                    "y": 378.4049079754601
                },
                {
                    "x": 145.21288837744535,
                    "y": 378.4049079754601
                }
            ]
        },
        {
            "id": "EUYFTWDG9",
            "type": "RECTANGLE",
            "tags": [
                "tomato"
            ],
            "boundingBox": {
                "height": 82.45398773006134,
                "width": 78.06674338319908,
                "left": 468.5270425776755,
                "top": 164.90797546012269
            },
            "points": [
                {
                    "x": 468.5270425776755,
                    "y": 164.90797546012269
                },
                {
                    "x": 546.5937859608746,
                    "y": 164.90797546012269
                },
                {
                    "x": 546.5937859608746,
                    "y": 247.36196319018404
                },
                {
                    "x": 468.5270425776755,
                    "y": 247.36196319018404
                }
            ]
        }
    ],
    "version": "2.2.0"
}