{
    "asset": {
        "format": "jpg",
        "id": "319477e146eecfd26efba7fd986f669c",
        "name": "WIN_20231102_16_57_46_Pro.jpg",
        "path": "file:D:/tomato%20KHM/WIN_20231102_16_57_46_Pro.jpg",
        "size": {
            "width": 640,
            "height": 480
        },
        "state": 2,
        "type": 1
    },
    "regions": [
        {
            "id": "c2yTNMPlX",
            "type": "RECTANGLE",
            "tags": [
                "tomato"
            ],
            "boundingBox": {
                "height": 74.3558282208589,
                "width": 84.69505178365938,
                "left": 173.19907940161104,
                "top": 392.3926380368098
            },
            "points": [
                {
                    "x": 173.19907940161104,
                    "y": 392.3926380368098
                },
                {
                    "x": 257.89413118527045,
                    "y": 392.3926380368098
                },
                {
                    "x": 257.89413118527045,
                    "y": 466.74846625766867
                },
                {
                    "x": 173.19907940161104,
                    "y": 466.74846625766867
                }
            ]
        },
        {
            "id": "h6ippfDgx",
            "type": "RECTANGLE",
            "tags": [
                "tomato"
            ],
            "boundingBox": {
                "height": 62.576687116564415,
                "width": 58.918296892980436,
                "left": 406.66283084004607,
                "top": 385.76687116564415
            },
            "points": [
                {
                    "x": 406.66283084004607,
                    "y": 385.76687116564415
                },
                {
                    "x": 465.5811277330265,
                    "y": 385.76687116564415
                },
                {
                    "x": 465.5811277330265,
                    "y": 448.34355828220856
                },
                {
                    "x": 406.66283084004607,
                    "y": 448.34355828220856
                }
            ]
        }
    ],
    "version": "2.2.0"
}