{
    "asset": {
        "format": "jpg",
        "id": "3228067937509957188384bfd5633a93",
        "name": "WIN_20231102_17_07_58_Pro.jpg",
        "path": "file:D:/tomato%20KHM/WIN_20231102_17_07_58_Pro.jpg",
        "size": {
            "width": 640,
            "height": 480
        },
        "state": 2,
        "type": 1
    },
    "regions": [
        {
            "id": "9w94JUicD",
            "type": "RECTANGLE",
            "tags": [
                "tomato"
            ],
            "boundingBox": {
                "height": 61.104294478527606,
                "width": 65.54660529344073,
                "left": 2.336018411967779,
                "top": 237.7914110429448
            },
            "points": [
                {
                    "x": 2.336018411967779,
                    "y": 237.7914110429448
                },
                {
                    "x": 67.88262370540852,
                    "y": 237.7914110429448
                },
                {
                    "x": 67.88262370540852,
                    "y": 298.8957055214724
                },
                {
                    "x": 2.336018411967779,
                    "y": 298.8957055214724
                }
            ]
        },
        {
            "id": "HuZmSDJbg",
            "type": "RECTANGLE",
            "tags": [
                "tomato"
            ],
            "boundingBox": {
                "height": 74.3558282208589,
                "width": 79.5397008055236,
                "left": 335.2243958573073,
                "top": 259.8773006134969
            },
            "points": [
                {
                    "x": 335.2243958573073,
                    "y": 259.8773006134969
                },
                {
                    "x": 414.76409666283087,
                    "y": 259.8773006134969
                },
                {
                    "x": 414.76409666283087,
                    "y": 334.2331288343558
                },
                {
                    "x": 335.2243958573073,
                    "y": 334.2331288343558
                }
            ]
        },
        {
            "id": "JZTaO5bXD",
            "type": "RECTANGLE",
            "tags": [
                "tomato"
            ],
            "boundingBox": {
                "height": 72.88343558282209,
                "width": 75.12082853855006,
                "left": 288.82623705408514,
                "top": 348.22085889570553
            },
            "points": [
                {
                    "x": 288.82623705408514,
                    "y": 348.22085889570553
                },
                {
                    "x": 363.9470655926352,
                    "y": 348.22085889570553
                },
                {
                    "x": 363.9470655926352,
                    "y": 421.1042944785276
                },
                {
                    "x": 288.82623705408514,
                    "y": 421.1042944785276
                }
            ]
        },
        {
            "id": "hyNmGsnhZ",
            "type": "RECTANGLE",
            "tags": [
                "tomato"
            ],
            "boundingBox": {
                "height": 72.88343558282209,
                "width": 71.43843498273878,
                "left": 374.9942462600691,
                "top": 385.76687116564415
            },
            "points": [
                {
                    "x": 374.9942462600691,
                    "y": 385.76687116564415
                },
                {
                    "x": 446.43268124280786,
                    "y": 385.76687116564415
                },
                {
                    "x": 446.43268124280786,
                    "y": 458.6503067484662
                },
                {
                    "x": 374.9942462600691,
                    "y": 458.6503067484662
                }
            ]
        }
    ],
    "version": "2.2.0"
}