{
    "asset": {
        "format": "jpg",
        "id": "33e9aa1d387d64b8ab39214b940cf78e",
        "name": "WIN_20231102_17_11_33_Pro.jpg",
        "path": "file:D:/tomato%20KHM/WIN_20231102_17_11_33_Pro.jpg",
        "size": {
            "width": 640,
            "height": 480
        },
        "state": 2,
        "type": 1
    },
    "regions": [
        {
            "id": "cRtxu7b3w",
            "type": "RECTANGLE",
            "tags": [
                "tomato"
            ],
            "boundingBox": {
                "height": 66.25766871165644,
                "width": 82.48561565017262,
                "left": 359.5281933256617,
                "top": 212.0245398773006
            },
            "points": [
                {
                    "x": 359.5281933256617,
                    "y": 212.0245398773006
                },
                {
                    "x": 442.0138089758343,
                    "y": 212.0245398773006
                },
                {
                    "x": 442.0138089758343,
                    "y": 278.282208588957
                },
                {
                    "x": 359.5281933256617,
                    "y": 278.282208588957
                }
            ]
        },
        {
            "id": "kcWuHSmep",
            "type": "RECTANGLE",
            "tags": [
                "tomato"
            ],
            "boundingBox": {
                "height": 67.73006134969324,
                "width": 24.17721518987342,
                "left": 615.8227848101266,
                "top": 275.3374233128834
            },
            "points": [
                {
                    "x": 615.8227848101266,
                    "y": 275.3374233128834
                },
                {
                    "x": 640,
                    "y": 275.3374233128834
                },
                {
                    "x": 640,
                    "y": 343.06748466257665
                },
                {
                    "x": 615.8227848101266,
                    "y": 343.06748466257665
                }
            ]
        },
        {
            "id": "3YjpIFrlP",
            "type": "RECTANGLE",
            "tags": [
                "tomato"
            ],
            "boundingBox": {
                "height": 71.41104294478528,
                "width": 31.668584579976987,
                "left": 592.2554660529345,
                "top": 330.5521472392638
            },
            "points": [
                {
                    "x": 592.2554660529345,
                    "y": 330.5521472392638
                },
                {
                    "x": 623.9240506329114,
                    "y": 330.5521472392638
                },
                {
                    "x": 623.9240506329114,
                    "y": 401.96319018404904
                },
                {
                    "x": 592.2554660529345,
                    "y": 401.96319018404904
                }
            ]
        },
        {
            "id": "wBi8rJhA_",
            "type": "RECTANGLE",
            "tags": [
                "tomato"
            ],
            "boundingBox": {
                "height": 69.93865030674846,
                "width": 12.520138089758344,
                "left": 626.8699654775604,
                "top": 353.37423312883436
            },
            "points": [
                {
                    "x": 626.8699654775604,
                    "y": 353.37423312883436
                },
                {
                    "x": 639.3901035673188,
                    "y": 353.37423312883436
                },
                {
                    "x": 639.3901035673188,
                    "y": 423.3128834355828
                },
                {
                    "x": 626.8699654775604,
                    "y": 423.3128834355828
                }
            ]
        }
    ],
    "version": "2.2.0"
}