{
    "asset": {
        "format": "jpg",
        "id": "34926df5aa00c02ff282efdeb80916d4",
        "name": "WIN_20231102_17_05_20_Pro.jpg",
        "path": "file:D:/tomato%20KHM/WIN_20231102_17_05_20_Pro.jpg",
        "size": {
            "width": 640,
            "height": 480
        },
        "state": 2,
        "type": 1
    },
    "regions": [
        {
            "id": "FLaPqeXK8",
            "type": "RECTANGLE",
            "tags": [
                "tomato"
            ],
            "boundingBox": {
                "height": 64.04907975460122,
                "width": 32.53164556962025,
                "left": 0,
                "top": 255.4601226993865
            },
            "points": [
                {
                    "x": 0,
                    "y": 255.4601226993865
                },
                {
                    "x": 32.53164556962025,
                    "y": 255.4601226993865
                },
                {
                    "x": 32.53164556962025,
                    "y": 319.5092024539877
                },
                {
                    "x": 0,
                    "y": 319.5092024539877
                }
            ]
        },
        {
            "id": "VJO9dknRe",
            "type": "RECTANGLE",
            "tags": [
                "tomato"
            ],
            "boundingBox": {
                "height": 68.46625766871165,
                "width": 36.82393555811277,
                "left": 38.4234752589183,
                "top": 283.4355828220859
            },
            "points": [
                {
                    "x": 38.4234752589183,
                    "y": 283.4355828220859
                },
                {
                    "x": 75.24741081703107,
                    "y": 283.4355828220859
                },
                {
                    "x": 75.24741081703107,
                    "y": 351.90184049079755
                },
                {
                    "x": 38.4234752589183,
                    "y": 351.90184049079755
                }
            ]
        },
        {
            "id": "YSnLiC07e",
            "type": "RECTANGLE",
            "tags": [
                "tomato"
            ],
            "boundingBox": {
                "height": 76.56441717791411,
                "width": 75.73072497123127,
                "left": 193.82048331415425,
                "top": 319.5092024539877
            },
            "points": [
                {
                    "x": 193.82048331415425,
                    "y": 319.5092024539877
                },
                {
                    "x": 269.5512082853855,
                    "y": 319.5092024539877
                },
                {
                    "x": 269.5512082853855,
                    "y": 396.0736196319018
                },
                {
                    "x": 193.82048331415425,
                    "y": 396.0736196319018
                }
            ]
        },
        {
            "id": "FaY6lxRGL",
            "type": "RECTANGLE",
            "tags": [
                "tomato"
            ],
            "boundingBox": {
                "height": 75.0920245398773,
                "width": 77.33026467203683,
                "left": 271.15074798619105,
                "top": 315.0920245398773
            },
            "points": [
                {
                    "x": 271.15074798619105,
                    "y": 315.0920245398773
                },
                {
                    "x": 348.4810126582279,
                    "y": 315.0920245398773
                },
                {
                    "x": 348.4810126582279,
                    "y": 390.1840490797546
                },
                {
                    "x": 271.15074798619105,
                    "y": 390.1840490797546
                }
            ]
        }
    ],
    "version": "2.2.0"
}