{
    "asset": {
        "format": "jpg",
        "id": "374cb246baaeb43b3a23311349d5fea7",
        "name": "WIN_20231102_17_04_11_Pro.jpg",
        "path": "file:D:/tomato%20KHM/WIN_20231102_17_04_11_Pro.jpg",
        "size": {
            "width": 640,
            "height": 480
        },
        "state": 2,
        "type": 1
    },
    "regions": [
        {
            "id": "u1uPcHjX2",
            "type": "RECTANGLE",
            "tags": [
                "tomato"
            ],
            "boundingBox": {
                "height": 70.67484662576686,
                "width": 72.17491369390103,
                "left": 347.0080552359033,
                "top": 312.14723926380367
            },
            "points": [
                {
                    "x": 347.0080552359033,
                    "y": 312.14723926380367
                },
                {
                    "x": 419.1829689298044,
                    "y": 312.14723926380367
                },
                {
                    "x": 419.1829689298044,
                    "y": 382.82208588957053
                },
                {
                    "x": 347.0080552359033,
                    "y": 382.82208588957053
                }
            ]
        },
        {
            "id": "7MMr_kYTs",
            "type": "RECTANGLE",
            "tags": [
                "tomato"
            ],
            "boundingBox": {
                "height": 72.88343558282209,
                "width": 58.18181818181819,
                "left": 56.835443037974684,
                "top": 305.52147239263803
            },
            "points": [
                {
                    "x": 56.835443037974684,
                    "y": 305.52147239263803
                },
                {
                    "x": 115.01726121979287,
                    "y": 305.52147239263803
                },
                {
                    "x": 115.01726121979287,
                    "y": 378.4049079754601
                },
                {
                    "x": 56.835443037974684,
                    "y": 378.4049079754601
                }
            ]
        },
        {
            "id": "qqb8GLyuq",
            "type": "RECTANGLE",
            "tags": [
                "tomato"
            ],
            "boundingBox": {
                "height": 55.95092024539877,
                "width": 64.07364787111622,
                "left": 11.910241657077101,
                "top": 295.9509202453988
            },
            "points": [
                {
                    "x": 11.910241657077101,
                    "y": 295.9509202453988
                },
                {
                    "x": 75.98388952819333,
                    "y": 295.9509202453988
                },
                {
                    "x": 75.98388952819333,
                    "y": 351.90184049079755
                },
                {
                    "x": 11.910241657077101,
                    "y": 351.90184049079755
                }
            ]
        }
    ],
    "version": "2.2.0"
}