{
    "asset": {
        "format": "jpg",
        "id": "382a5b8d755db306323d8053588039b9",
        "name": "WIN_20231102_17_18_10_Pro.jpg",
        "path": "file:D:/tomato%20KHM/WIN_20231102_17_18_10_Pro.jpg",
        "size": {
            "width": 640,
            "height": 480
        },
        "state": 2,
        "type": 1
    },
    "regions": [
        {
            "id": "ION0qe3xq",
            "type": "RECTANGLE",
            "tags": [
                "tomato"
            ],
            "boundingBox": {
                "height": 87.60736196319019,
                "width": 87.6409666283084,
                "left": 302.81933256616804,
                "top": 200.24539877300612
            },
            "points": [
                {
                    "x": 302.81933256616804,
                    "y": 200.24539877300612
                },
                {
                    "x": 390.4602991944764,
                    "y": 200.24539877300612
                },
                {
                    "x": 390.4602991944764,
                    "y": 287.85276073619633
                },
                {
                    "x": 302.81933256616804,
                    "y": 287.85276073619633
                }
            ]
        },
        {
            "id": "NLJUStj1t",
            "type": "RECTANGLE",
            "tags": [
                "tomato"
            ],
            "boundingBox": {
                "height": 72.88343558282209,
                "width": 28.596087456846952,
                "left": 611.4039125431531,
                "top": 223.06748466257667
            },
            "points": [
                {
                    "x": 611.4039125431531,
                    "y": 223.06748466257667
                },
                {
                    "x": 640,
                    "y": 223.06748466257667
                },
                {
                    "x": 640,
                    "y": 295.9509202453988
                },
                {
                    "x": 611.4039125431531,
                    "y": 295.9509202453988
                }
            ]
        }
    ],
    "version": "2.2.0"
}