{
    "asset": {
        "format": "jpg",
        "id": "3a23a101416d417d485698a13b2140f7",
        "name": "WIN_20231103_09_48_30_Pro.jpg",
        "path": "file:D:/tomato%20KHM/WIN_20231103_09_48_30_Pro.jpg",
        "size": {
            "width": 640,
            "height": 480
        },
        "state": 2,
        "type": 1
    },
    "regions": [
        {
            "id": "Ksyv6tFbu",
            "type": "RECTANGLE",
            "tags": [
                "tomato"
            ],
            "boundingBox": {
                "height": 75.0920245398773,
                "width": 66.283084004603,
                "left": 238.7456846950518,
                "top": 285.6441717791411
            },
            "points": [
                {
                    "x": 238.7456846950518,
                    "y": 285.6441717791411
                },
                {
                    "x": 305.0287686996548,
                    "y": 285.6441717791411
                },
                {
                    "x": 305.0287686996548,
                    "y": 360.7361963190184
                },
                {
                    "x": 238.7456846950518,
                    "y": 360.7361963190184
                }
            ]
        },
        {
            "id": "GLduha1dY",
            "type": "RECTANGLE",
            "tags": [
                "tomato"
            ],
            "boundingBox": {
                "height": 66.25766871165644,
                "width": 42.71576524741082,
                "left": 310.92059838895284,
                "top": 325.39877300613495
            },
            "points": [
                {
                    "x": 310.92059838895284,
                    "y": 325.39877300613495
                },
                {
                    "x": 353.6363636363636,
                    "y": 325.39877300613495
                },
                {
                    "x": 353.6363636363636,
                    "y": 391.6564417177914
                },
                {
                    "x": 310.92059838895284,
                    "y": 391.6564417177914
                }
            ]
        }
    ],
    "version": "2.2.0"
}