{
    "asset": {
        "format": "jpg",
        "id": "3a9052304ebafbe58668a1ff1c34108d",
        "name": "WIN_20231102_17_13_29_Pro.jpg",
        "path": "file:D:/tomato%20KHM/WIN_20231102_17_13_29_Pro.jpg",
        "size": {
            "width": 640,
            "height": 480
        },
        "state": 2,
        "type": 1
    },
    "regions": [
        {
            "id": "XsVGGdJ0A",
            "type": "RECTANGLE",
            "tags": [
                "tomato"
            ],
            "boundingBox": {
                "height": 62.576687116564415,
                "width": 59.65477560414269,
                "left": 31.058688147295744,
                "top": 256.1963190184049
            },
            "points": [
                {
                    "x": 31.058688147295744,
                    "y": 256.1963190184049
                },
                {
                    "x": 90.71346375143844,
                    "y": 256.1963190184049
                },
                {
                    "x": 90.71346375143844,
                    "y": 318.7730061349693
                },
                {
                    "x": 31.058688147295744,
                    "y": 318.7730061349693
                }
            ]
        },
        {
            "id": "tvAZijndn",
            "type": "RECTANGLE",
            "tags": [
                "tomato"
            ],
            "boundingBox": {
                "height": 71.41104294478528,
                "width": 69.22899884925202,
                "left": 73.77445339470657,
                "top": 213.49693251533742
            },
            "points": [
                {
                    "x": 73.77445339470657,
                    "y": 213.49693251533742
                },
                {
                    "x": 143.00345224395858,
                    "y": 213.49693251533742
                },
                {
                    "x": 143.00345224395858,
                    "y": 284.9079754601227
                },
                {
                    "x": 73.77445339470657,
                    "y": 284.9079754601227
                }
            ]
        },
        {
            "id": "89ORVlbN9",
            "type": "RECTANGLE",
            "tags": [
                "tomato"
            ],
            "boundingBox": {
                "height": 73.61963190184049,
                "width": 75.12082853855006,
                "left": 300.60989643268124,
                "top": 282.69938650306744
            },
            "points": [
                {
                    "x": 300.60989643268124,
                    "y": 282.69938650306744
                },
                {
                    "x": 375.7307249712313,
                    "y": 282.69938650306744
                },
                {
                    "x": 375.7307249712313,
                    "y": 356.319018404908
                },
                {
                    "x": 300.60989643268124,
                    "y": 356.319018404908
                }
            ]
        },
        {
            "id": "-kKd1_OMk",
            "type": "RECTANGLE",
            "tags": [
                "tomato"
            ],
            "boundingBox": {
                "height": 50.79754601226993,
                "width": 63.33716915995397,
                "left": 379.41311852704257,
                "top": 342.33128834355824
            },
            "points": [
                {
                    "x": 379.41311852704257,
                    "y": 342.33128834355824
                },
                {
                    "x": 442.75028768699656,
                    "y": 342.33128834355824
                },
                {
                    "x": 442.75028768699656,
                    "y": 393.1288343558282
                },
                {
                    "x": 379.41311852704257,
                    "y": 393.1288343558282
                }
            ]
        }
    ],
    "version": "2.2.0"
}