{
    "asset": {
        "format": "jpg",
        "id": "3ad2c8d69452093d16404549476b2e4c",
        "name": "WIN_20231102_17_11_50_Pro.jpg",
        "path": "file:D:/tomato%20KHM/WIN_20231102_17_11_50_Pro.jpg",
        "size": {
            "width": 640,
            "height": 480
        },
        "state": 2,
        "type": 1
    },
    "regions": [
        {
            "id": "mU0UiCGgH",
            "type": "RECTANGLE",
            "tags": [
                "tomato"
            ],
            "boundingBox": {
                "height": 56.687116564417174,
                "width": 51.42692750287687,
                "left": 32.53164556962025,
                "top": 260.6134969325153
            },
            "points": [
                {
                    "x": 32.53164556962025,
                    "y": 260.6134969325153
                },
                {
                    "x": 83.95857307249713,
                    "y": 260.6134969325153
                },
                {
                    "x": 83.95857307249713,
                    "y": 317.3006134969325
                },
                {
                    "x": 32.53164556962025,
                    "y": 317.3006134969325
                }
            ]
        },
        {
            "id": "6yrAA9jL8",
            "type": "RECTANGLE",
            "tags": [
                "tomato"
            ],
            "boundingBox": {
                "height": 39.01840490797546,
                "width": 36.82393555811277,
                "left": 90.71346375143844,
                "top": 292.26993865030676
            },
            "points": [
                {
                    "x": 90.71346375143844,
                    "y": 292.26993865030676
                },
                {
                    "x": 127.53739930955122,
                    "y": 292.26993865030676
                },
                {
                    "x": 127.53739930955122,
                    "y": 331.2883435582822
                },
                {
                    "x": 90.71346375143844,
                    "y": 331.2883435582822
                }
            ]
        },
        {
            "id": "DXs5uQo5u",
            "type": "RECTANGLE",
            "tags": [
                "tomato"
            ],
            "boundingBox": {
                "height": 58.15950920245398,
                "width": 65.54660529344073,
                "left": 84.08515535097814,
                "top": 220.85889570552146
            },
            "points": [
                {
                    "x": 84.08515535097814,
                    "y": 220.85889570552146
                },
                {
                    "x": 149.63176064441888,
                    "y": 220.85889570552146
                },
                {
                    "x": 149.63176064441888,
                    "y": 279.0184049079754
                },
                {
                    "x": 84.08515535097814,
                    "y": 279.0184049079754
                }
            ]
        },
        {
            "id": "xtwsYuAgj",
            "type": "RECTANGLE",
            "tags": [
                "tomato"
            ],
            "boundingBox": {
                "height": 65.52147239263803,
                "width": 55.23590333716916,
                "left": 373.5212888377445,
                "top": 164.90797546012269
            },
            "points": [
                {
                    "x": 373.5212888377445,
                    "y": 164.90797546012269
                },
                {
                    "x": 428.7571921749137,
                    "y": 164.90797546012269
                },
                {
                    "x": 428.7571921749137,
                    "y": 230.42944785276072
                },
                {
                    "x": 373.5212888377445,
                    "y": 230.42944785276072
                }
            ]
        }
    ],
    "version": "2.2.0"
}