{
    "asset": {
        "format": "jpg",
        "id": "3aebb0351d9b237c3e73b37a383f4dcc",
        "name": "WIN_20231103_09_55_45_Pro.jpg",
        "path": "file:D:/tomato%20KHM/WIN_20231103_09_55_45_Pro.jpg",
        "size": {
            "width": 640,
            "height": 480
        },
        "state": 2,
        "type": 1
    },
    "regions": [
        {
            "id": "4A7jUynPw",
            "type": "RECTANGLE",
            "tags": [
                "tomato"
            ],
            "boundingBox": {
                "height": 39.01840490797546,
                "width": 67.75604142692751,
                "left": 252.73878020713465,
                "top": 232.63803680981593
            },
            "points": [
                {
                    "x": 252.73878020713465,
                    "y": 232.63803680981593
                },
                {
                    "x": 320.49482163406213,
                    "y": 232.63803680981593
                },
                {
                    "x": 320.49482163406213,
                    "y": 271.6564417177914
                },
                {
                    "x": 252.73878020713465,
                    "y": 271.6564417177914
                }
            ]
        },
        {
            "id": "ze_oNHSG1",
            "type": "RECTANGLE",
            "tags": [
                "tomato"
            ],
            "boundingBox": {
                "height": 77.30061349693251,
                "width": 72.17491369390103,
                "left": 255.68469505178368,
                "top": 256.1963190184049
            },
            "points": [
                {
                    "x": 255.68469505178368,
                    "y": 256.1963190184049
                },
                {
                    "x": 327.8596087456847,
                    "y": 256.1963190184049
                },
                {
                    "x": 327.8596087456847,
                    "y": 333.4969325153374
                },
                {
                    "x": 255.68469505178368,
                    "y": 333.4969325153374
                }
            ]
        },
        {
            "id": "hpUv2L7Wg",
            "type": "RECTANGLE",
            "tags": [
                "tomato"
            ],
            "boundingBox": {
                "height": 59.6319018404908,
                "width": 62.60069044879173,
                "left": 319.75834292289994,
                "top": 258.4049079754601
            },
            "points": [
                {
                    "x": 319.75834292289994,
                    "y": 258.4049079754601
                },
                {
                    "x": 382.3590333716917,
                    "y": 258.4049079754601
                },
                {
                    "x": 382.3590333716917,
                    "y": 318.0368098159509
                },
                {
                    "x": 319.75834292289994,
                    "y": 318.0368098159509
                }
            ]
        },
        {
            "id": "tNP4FIvsJ",
            "type": "RECTANGLE",
            "tags": [
                "tomato"
            ],
            "boundingBox": {
                "height": 51.533742331288344,
                "width": 66.283084004603,
                "left": 318.2853855005754,
                "top": 204.66257668711657
            },
            "points": [
                {
                    "x": 318.2853855005754,
                    "y": 204.66257668711657
                },
                {
                    "x": 384.56846950517837,
                    "y": 204.66257668711657
                },
                {
                    "x": 384.56846950517837,
                    "y": 256.1963190184049
                },
                {
                    "x": 318.2853855005754,
                    "y": 256.1963190184049
                }
            ]
        }
    ],
    "version": "2.2.0"
}