{
    "asset": {
        "format": "jpg",
        "id": "3d6f51da631a8272799f358815119ba8",
        "name": "WIN_20231103_09_48_43_Pro.jpg",
        "path": "file:D:/tomato%20KHM/WIN_20231103_09_48_43_Pro.jpg",
        "size": {
            "width": 640,
            "height": 480
        },
        "state": 2,
        "type": 1
    },
    "regions": [
        {
            "id": "pyoDaLMUL",
            "type": "RECTANGLE",
            "tags": [
                "tomato"
            ],
            "boundingBox": {
                "height": 63.31288343558282,
                "width": 64.07364787111622,
                "left": 81.13924050632912,
                "top": 283.4355828220859
            },
            "points": [
                {
                    "x": 81.13924050632912,
                    "y": 283.4355828220859
                },
                {
                    "x": 145.21288837744535,
                    "y": 283.4355828220859
                },
                {
                    "x": 145.21288837744535,
                    "y": 346.7484662576687
                },
                {
                    "x": 81.13924050632912,
                    "y": 346.7484662576687
                }
            ]
        },
        {
            "id": "Bbq83XRUn",
            "type": "RECTANGLE",
            "tags": [
                "tomato"
            ],
            "boundingBox": {
                "height": 60.3680981595092,
                "width": 39.03337169159954,
                "left": 148.89528193325663,
                "top": 324.66257668711654
            },
            "points": [
                {
                    "x": 148.89528193325663,
                    "y": 324.66257668711654
                },
                {
                    "x": 187.92865362485617,
                    "y": 324.66257668711654
                },
                {
                    "x": 187.92865362485617,
                    "y": 385.03067484662574
                },
                {
                    "x": 148.89528193325663,
                    "y": 385.03067484662574
                }
            ]
        }
    ],
    "version": "2.2.0"
}