{
    "asset": {
        "format": "jpg",
        "id": "40331ca02327b23b23d531c3440c9f1c",
        "name": "WIN_20231103_09_51_31_Pro.jpg",
        "path": "file:D:/tomato%20KHM/WIN_20231103_09_51_31_Pro.jpg",
        "size": {
            "width": 640,
            "height": 480
        },
        "state": 2,
        "type": 1
    },
    "regions": [
        {
            "id": "XpwrOwVz8",
            "type": "RECTANGLE",
            "tags": [
                "tomato"
            ],
            "boundingBox": {
                "height": 51.533742331288344,
                "width": 55.23590333716916,
                "left": 92.9228998849252,
                "top": 163.43558282208588
            },
            "points": [
                {
                    "x": 92.9228998849252,
                    "y": 163.43558282208588
                },
                {
                    "x": 148.15880322209438,
                    "y": 163.43558282208588
                },
                {
                    "x": 148.15880322209438,
                    "y": 214.96932515337423
                },
                {
                    "x": 92.9228998849252,
                    "y": 214.96932515337423
                }
            ]
        },
        {
            "id": "dbbpmpJEC",
            "type": "RECTANGLE",
            "tags": [
                "tomato"
            ],
            "boundingBox": {
                "height": 70.67484662576686,
                "width": 52.28998849252014,
                "left": 373.5212888377445,
                "top": 217.91411042944785
            },
            "points": [
                {
                    "x": 373.5212888377445,
                    "y": 217.91411042944785
                },
                {
                    "x": 425.8112773302647,
                    "y": 217.91411042944785
                },
                {
                    "x": 425.8112773302647,
                    "y": 288.58895705521473
                },
                {
                    "x": 373.5212888377445,
                    "y": 288.58895705521473
                }
            ]
        }
    ],
    "version": "2.2.0"
}