{
    "asset": {
        "format": "jpg",
        "id": "406fede7af40082c3f980a801326de88",
        "name": "WIN_20231103_09_56_04_Pro.jpg",
        "path": "file:D:/tomato%20KHM/WIN_20231103_09_56_04_Pro.jpg",
        "size": {
            "width": 640,
            "height": 480
        },
        "state": 2,
        "type": 1
    },
    "regions": [
        {
            "id": "JrLysK8VV",
            "type": "RECTANGLE",
            "tags": [
                "tomato"
            ],
            "boundingBox": {
                "height": 84.66257668711656,
                "width": 75.85730724971232,
                "left": 168.04372842347527,
                "top": 312.14723926380367
            },
            "points": [
                {
                    "x": 168.04372842347527,
                    "y": 312.14723926380367
                },
                {
                    "x": 243.90103567318758,
                    "y": 312.14723926380367
                },
                {
                    "x": 243.90103567318758,
                    "y": 396.8098159509202
                },
                {
                    "x": 168.04372842347527,
                    "y": 396.8098159509202
                }
            ]
        }
    ],
    "version": "2.2.0"
}