{
    "asset": {
        "format": "jpg",
        "id": "41ca6a427b8d7f51dad930139a194465",
        "name": "WIN_20231103_09_51_37_Pro.jpg",
        "path": "file:D:/tomato%20KHM/WIN_20231103_09_51_37_Pro.jpg",
        "size": {
            "width": 640,
            "height": 480
        },
        "state": 2,
        "type": 1
    },
    "regions": [
        {
            "id": "4LAJlQI8t",
            "type": "RECTANGLE",
            "tags": [
                "tomato"
            ],
            "boundingBox": {
                "height": 64.04907975460122,
                "width": 56.708860759493675,
                "left": 233.590333716916,
                "top": 161.22699386503066
            },
            "points": [
                {
                    "x": 233.590333716916,
                    "y": 161.22699386503066
                },
                {
                    "x": 290.2991944764097,
                    "y": 161.22699386503066
                },
                {
                    "x": 290.2991944764097,
                    "y": 225.2760736196319
                },
                {
                    "x": 233.590333716916,
                    "y": 225.2760736196319
                }
            ]
        },
        {
            "id": "ZV5fmwvbs",
            "type": "RECTANGLE",
            "tags": [
                "tomato"
            ],
            "boundingBox": {
                "height": 69.93865030674846,
                "width": 41.979286536248566,
                "left": 578.2623705408515,
                "top": 228.2208588957055
            },
            "points": [
                {
                    "x": 578.2623705408515,
                    "y": 228.2208588957055
                },
                {
                    "x": 620.2416570771002,
                    "y": 228.2208588957055
                },
                {
                    "x": 620.2416570771002,
                    "y": 298.159509202454
                },
                {
                    "x": 578.2623705408515,
                    "y": 298.159509202454
                }
            ]
        }
    ],
    "version": "2.2.0"
}