{
    "asset": {
        "format": "jpg",
        "id": "4361914e8784731df15d404a2cdb0cf0",
        "name": "WIN_20231102_16_54_45_Pro.jpg",
        "path": "file:D:/tomato%20KHM/WIN_20231102_16_54_45_Pro.jpg",
        "size": {
            "width": 640,
            "height": 480
        },
        "state": 2,
        "type": 1
    },
    "regions": [
        {
            "id": "vf4MaImQW",
            "type": "RECTANGLE",
            "tags": [
                "tomato"
            ],
            "boundingBox": {
                "height": 48.58895705521472,
                "width": 67.01956271576525,
                "left": 199.71231300345224,
                "top": 317.3006134969325
            },
            "points": [
                {
                    "x": 199.71231300345224,
                    "y": 317.3006134969325
                },
                {
                    "x": 266.7318757192175,
                    "y": 317.3006134969325
                },
                {
                    "x": 266.7318757192175,
                    "y": 365.88957055214723
                },
                {
                    "x": 199.71231300345224,
                    "y": 365.88957055214723
                }
            ]
        },
        {
            "id": "UyuSdiXuI",
            "type": "RECTANGLE",
            "tags": [
                "tomato"
            ],
            "boundingBox": {
                "height": 67.73006134969324,
                "width": 69.22899884925202,
                "left": 128.27387802071348,
                "top": 302.5766871165644
            },
            "points": [
                {
                    "x": 128.27387802071348,
                    "y": 302.5766871165644
                },
                {
                    "x": 197.5028768699655,
                    "y": 302.5766871165644
                },
                {
                    "x": 197.5028768699655,
                    "y": 370.30674846625766
                },
                {
                    "x": 128.27387802071348,
                    "y": 370.30674846625766
                }
            ]
        }
    ],
    "version": "2.2.0"
}