{
    "asset": {
        "format": "jpg",
        "id": "44145ce2e49cfa4f395cc95609f12567",
        "name": "WIN_20231102_16_55_19_Pro.jpg",
        "path": "file:D:/tomato%20KHM/WIN_20231102_16_55_19_Pro.jpg",
        "size": {
            "width": 640,
            "height": 480
        },
        "state": 2,
        "type": 1
    },
    "regions": [
        {
            "id": "j7whcXATE",
            "type": "RECTANGLE",
            "tags": [
                "tomato"
            ],
            "boundingBox": {
                "height": 78.03680981595092,
                "width": 78.80322209436133,
                "left": 272.62370540851555,
                "top": 159.01840490797545
            },
            "points": [
                {
                    "x": 272.62370540851555,
                    "y": 159.01840490797545
                },
                {
                    "x": 351.4269275028769,
                    "y": 159.01840490797545
                },
                {
                    "x": 351.4269275028769,
                    "y": 237.05521472392638
                },
                {
                    "x": 272.62370540851555,
                    "y": 237.05521472392638
                }
            ]
        },
        {
            "id": "Dppu0wEyC",
            "type": "RECTANGLE",
            "tags": [
                "tomato"
            ],
            "boundingBox": {
                "height": 51.533742331288344,
                "width": 71.43843498273878,
                "left": 313.86651323360184,
                "top": 318.7730061349693
            },
            "points": [
                {
                    "x": 313.86651323360184,
                    "y": 318.7730061349693
                },
                {
                    "x": 385.3049482163406,
                    "y": 318.7730061349693
                },
                {
                    "x": 385.3049482163406,
                    "y": 370.30674846625766
                },
                {
                    "x": 313.86651323360184,
                    "y": 370.30674846625766
                }
            ]
        },
        {
            "id": "D6nMYpbDh",
            "type": "RECTANGLE",
            "tags": [
                "tomato"
            ],
            "boundingBox": {
                "height": 63.31288343558282,
                "width": 65.54660529344073,
                "left": 1.5995397008055237,
                "top": 302.5766871165644
            },
            "points": [
                {
                    "x": 1.5995397008055237,
                    "y": 302.5766871165644
                },
                {
                    "x": 67.14614499424626,
                    "y": 302.5766871165644
                },
                {
                    "x": 67.14614499424626,
                    "y": 365.88957055214723
                },
                {
                    "x": 1.5995397008055237,
                    "y": 365.88957055214723
                }
            ]
        }
    ],
    "version": "2.2.0"
}