{
    "asset": {
        "format": "jpg",
        "id": "442aeca0198c6ba85d5d1649fa1bac07",
        "name": "WIN_20231103_09_44_02_Pro.jpg",
        "path": "file:D:/tomato%20KHM/WIN_20231103_09_44_02_Pro.jpg",
        "size": {
            "width": 640,
            "height": 480
        },
        "state": 2,
        "type": 1
    },
    "regions": [
        {
            "id": "Ed2gRjZH4",
            "type": "RECTANGLE",
            "tags": [
                "tomato"
            ],
            "boundingBox": {
                "height": 72.14723926380368,
                "width": 88.37744533947065,
                "left": 290.2991944764097,
                "top": 303.3128834355828
            },
            "points": [
                {
                    "x": 290.2991944764097,
                    "y": 303.3128834355828
                },
                {
                    "x": 378.6766398158803,
                    "y": 303.3128834355828
                },
                {
                    "x": 378.6766398158803,
                    "y": 375.4601226993865
                },
                {
                    "x": 290.2991944764097,
                    "y": 375.4601226993865
                }
            ]
        },
        {
            "id": "DaxKUSVgf",
            "type": "RECTANGLE",
            "tags": [
                "tomato"
            ],
            "boundingBox": {
                "height": 69.20245398773005,
                "width": 55.23590333716916,
                "left": 250.52934407364788,
                "top": 323.19018404907973
            },
            "points": [
                {
                    "x": 250.52934407364788,
                    "y": 323.19018404907973
                },
                {
                    "x": 305.76524741081704,
                    "y": 323.19018404907973
                },
                {
                    "x": 305.76524741081704,
                    "y": 392.3926380368098
                },
                {
                    "x": 250.52934407364788,
                    "y": 392.3926380368098
                }
            ]
        }
    ],
    "version": "2.2.0"
}