{
    "asset": {
        "format": "jpg",
        "id": "44960011c3f6458e8d95e4c2ecbe6b82",
        "name": "WIN_20231102_17_13_38_Pro.jpg",
        "path": "file:D:/tomato%20KHM/WIN_20231102_17_13_38_Pro.jpg",
        "size": {
            "width": 640,
            "height": 480
        },
        "state": 2,
        "type": 1
    },
    "regions": [
        {
            "id": "347a2LMrH",
            "type": "RECTANGLE",
            "tags": [
                "tomato"
            ],
            "boundingBox": {
                "height": 65.52147239263803,
                "width": 67.75604142692751,
                "left": 514.9252013808976,
                "top": 198.0368098159509
            },
            "points": [
                {
                    "x": 514.9252013808976,
                    "y": 198.0368098159509
                },
                {
                    "x": 582.6812428078251,
                    "y": 198.0368098159509
                },
                {
                    "x": 582.6812428078251,
                    "y": 263.55828220858893
                },
                {
                    "x": 514.9252013808976,
                    "y": 263.55828220858893
                }
            ]
        }
    ],
    "version": "2.2.0"
}