{
    "asset": {
        "format": "jpg",
        "id": "472272e403d9d60a1069227e248cc2a3",
        "name": "WIN_20231103_09_38_19_Pro.jpg",
        "path": "file:D:/tomato%20KHM/WIN_20231103_09_38_19_Pro.jpg",
        "size": {
            "width": 640,
            "height": 480
        },
        "state": 2,
        "type": 1
    },
    "regions": [
        {
            "id": "0AFjnf-Fm",
            "type": "RECTANGLE",
            "tags": [
                "tomato"
            ],
            "boundingBox": {
                "height": 78.03680981595092,
                "width": 81.74913693901036,
                "left": 190.8745684695052,
                "top": 293.00613496932516
            },
            "points": [
                {
                    "x": 190.8745684695052,
                    "y": 293.00613496932516
                },
                {
                    "x": 272.62370540851555,
                    "y": 293.00613496932516
                },
                {
                    "x": 272.62370540851555,
                    "y": 371.04294478527606
                },
                {
                    "x": 190.8745684695052,
                    "y": 371.04294478527606
                }
            ]
        }
    ],
    "version": "2.2.0"
}