{
    "asset": {
        "format": "jpg",
        "id": "491106ae12ae38ba2f55a0fa55fb96e9",
        "name": "WIN_20231102_17_13_42_Pro.jpg",
        "path": "file:D:/tomato%20KHM/WIN_20231102_17_13_42_Pro.jpg",
        "size": {
            "width": 640,
            "height": 480
        },
        "state": 2,
        "type": 1
    },
    "regions": [
        {
            "id": "wO62BV6Pz",
            "type": "RECTANGLE",
            "tags": [
                "tomato"
            ],
            "boundingBox": {
                "height": 77.30061349693251,
                "width": 75.85730724971232,
                "left": 341.8527042577676,
                "top": 180.3680981595092
            },
            "points": [
                {
                    "x": 341.8527042577676,
                    "y": 180.3680981595092
                },
                {
                    "x": 417.71001150747986,
                    "y": 180.3680981595092
                },
                {
                    "x": 417.71001150747986,
                    "y": 257.6687116564417
                },
                {
                    "x": 341.8527042577676,
                    "y": 257.6687116564417
                }
            ]
        }
    ],
    "version": "2.2.0"
}