{
    "asset": {
        "format": "jpg",
        "id": "4a999161e420f158a7306967be153d1b",
        "name": "WIN_20231103_10_08_59_Pro.jpg",
        "path": "file:D:/tomato%20KHM/WIN_20231103_10_08_59_Pro.jpg",
        "size": {
            "width": 640,
            "height": 480
        },
        "state": 2,
        "type": 1
    },
    "regions": [
        {
            "id": "1uFi9rCNv",
            "type": "RECTANGLE",
            "tags": [
                "tomato"
            ],
            "boundingBox": {
                "height": 65.52147239263803,
                "width": 73.64787111622555,
                "left": 239.48216340621406,
                "top": 263.55828220858893
            },
            "points": [
                {
                    "x": 239.48216340621406,
                    "y": 263.55828220858893
                },
                {
                    "x": 313.1300345224396,
                    "y": 263.55828220858893
                },
                {
                    "x": 313.1300345224396,
                    "y": 329.07975460122697
                },
                {
                    "x": 239.48216340621406,
                    "y": 329.07975460122697
                }
            ]
        }
    ],
    "version": "2.2.0"
}