{
    "asset": {
        "format": "jpg",
        "id": "4ad913b77fcad8db26d1270c41ec09bd",
        "name": "WIN_20231102_17_05_54_Pro.jpg",
        "path": "file:D:/tomato%20KHM/WIN_20231102_17_05_54_Pro.jpg",
        "size": {
            "width": 640,
            "height": 480
        },
        "state": 2,
        "type": 1
    },
    "regions": [
        {
            "id": "6FB3a8BZF",
            "type": "RECTANGLE",
            "tags": [
                "tomato"
            ],
            "boundingBox": {
                "height": 86.87116564417178,
                "width": 89.11392405063292,
                "left": 288.82623705408514,
                "top": 381.3496932515337
            },
            "points": [
                {
                    "x": 288.82623705408514,
                    "y": 381.3496932515337
                },
                {
                    "x": 377.9401611047181,
                    "y": 381.3496932515337
                },
                {
                    "x": 377.9401611047181,
                    "y": 468.2208588957055
                },
                {
                    "x": 288.82623705408514,
                    "y": 468.2208588957055
                }
            ]
        },
        {
            "id": "1NC2sGDJg",
            "type": "RECTANGLE",
            "tags": [
                "tomato"
            ],
            "boundingBox": {
                "height": 79.50920245398773,
                "width": 65.54660529344073,
                "left": 381.6225546605294,
                "top": 369.57055214723925
            },
            "points": [
                {
                    "x": 381.6225546605294,
                    "y": 369.57055214723925
                },
                {
                    "x": 447.1691599539701,
                    "y": 369.57055214723925
                },
                {
                    "x": 447.1691599539701,
                    "y": 449.07975460122697
                },
                {
                    "x": 381.6225546605294,
                    "y": 449.07975460122697
                }
            ]
        }
    ],
    "version": "2.2.0"
}