{
    "asset": {
        "format": "jpg",
        "id": "4b834d2befcfe33ed3821bc923d5f029",
        "name": "WIN_20231103_09_44_27_Pro.jpg",
        "path": "file:D:/tomato%20KHM/WIN_20231103_09_44_27_Pro.jpg",
        "size": {
            "width": 640,
            "height": 480
        },
        "state": 2,
        "type": 1
    },
    "regions": [
        {
            "id": "w1xbSYPBU",
            "type": "RECTANGLE",
            "tags": [
                "tomato"
            ],
            "boundingBox": {
                "height": 73.61963190184049,
                "width": 74.38434982738781,
                "left": 159.2059838895282,
                "top": 365.88957055214723
            },
            "points": [
                {
                    "x": 159.2059838895282,
                    "y": 365.88957055214723
                },
                {
                    "x": 233.590333716916,
                    "y": 365.88957055214723
                },
                {
                    "x": 233.590333716916,
                    "y": 439.5092024539877
                },
                {
                    "x": 159.2059838895282,
                    "y": 439.5092024539877
                }
            ]
        },
        {
            "id": "J0b9Qj3Mm",
            "type": "RECTANGLE",
            "tags": [
                "tomato"
            ],
            "boundingBox": {
                "height": 47.11656441717791,
                "width": 57.44533947065593,
                "left": 145.21288837744535,
                "top": 346.7484662576687
            },
            "points": [
                {
                    "x": 145.21288837744535,
                    "y": 346.7484662576687
                },
                {
                    "x": 202.65822784810126,
                    "y": 346.7484662576687
                },
                {
                    "x": 202.65822784810126,
                    "y": 393.8650306748466
                },
                {
                    "x": 145.21288837744535,
                    "y": 393.8650306748466
                }
            ]
        }
    ],
    "version": "2.2.0"
}