{
    "asset": {
        "format": "jpg",
        "id": "4d13b46838bf7be66918ca9a78c1097b",
        "name": "WIN_20231103_09_37_14_Pro.jpg",
        "path": "file:D:/tomato%20KHM/WIN_20231103_09_37_14_Pro.jpg",
        "size": {
            "width": 640,
            "height": 480
        },
        "state": 2,
        "type": 1
    },
    "regions": [
        {
            "id": "RsnU61myY",
            "type": "RECTANGLE",
            "tags": [
                "tomato"
            ],
            "boundingBox": {
                "height": 55.214723926380366,
                "width": 63.33716915995397,
                "left": 331.542002301496,
                "top": 262.82208588957053
            },
            "points": [
                {
                    "x": 331.542002301496,
                    "y": 262.82208588957053
                },
                {
                    "x": 394.87917146144997,
                    "y": 262.82208588957053
                },
                {
                    "x": 394.87917146144997,
                    "y": 318.0368098159509
                },
                {
                    "x": 331.542002301496,
                    "y": 318.0368098159509
                }
            ]
        },
        {
            "id": "ikOLRy9I7",
            "type": "RECTANGLE",
            "tags": [
                "tomato"
            ],
            "boundingBox": {
                "height": 46.38036809815951,
                "width": 51.55350978135788,
                "left": 13.383199079401612,
                "top": 180.3680981595092
            },
            "points": [
                {
                    "x": 13.383199079401612,
                    "y": 180.3680981595092
                },
                {
                    "x": 64.9367088607595,
                    "y": 180.3680981595092
                },
                {
                    "x": 64.9367088607595,
                    "y": 226.7484662576687
                },
                {
                    "x": 13.383199079401612,
                    "y": 226.7484662576687
                }
            ]
        }
    ],
    "version": "2.2.0"
}