{
    "asset": {
        "format": "jpg",
        "id": "50bd23e8bffb450b141aeaa6b9a2d90a",
        "name": "WIN_20231103_09_41_11_Pro.jpg",
        "path": "file:D:/tomato%20KHM/WIN_20231103_09_41_11_Pro.jpg",
        "size": {
            "width": 640,
            "height": 480
        },
        "state": 2,
        "type": 1
    },
    "regions": [
        {
            "id": "3eplSKKQ_",
            "type": "RECTANGLE",
            "tags": [
                "tomato"
            ],
            "boundingBox": {
                "height": 55.214723926380366,
                "width": 66.283084004603,
                "left": 354.37284234752593,
                "top": 311.41104294478527
            },
            "points": [
                {
                    "x": 354.37284234752593,
                    "y": 311.41104294478527
                },
                {
                    "x": 420.6559263521289,
                    "y": 311.41104294478527
                },
                {
                    "x": 420.6559263521289,
                    "y": 366.62576687116564
                },
                {
                    "x": 354.37284234752593,
                    "y": 366.62576687116564
                }
            ]
        },
        {
            "id": "KcpE9lkLf",
            "type": "RECTANGLE",
            "tags": [
                "tomato"
            ],
            "boundingBox": {
                "height": 63.31288343558282,
                "width": 65.54660529344073,
                "left": 403.716915995397,
                "top": 256.1963190184049
            },
            "points": [
                {
                    "x": 403.716915995397,
                    "y": 256.1963190184049
                },
                {
                    "x": 469.26352128883775,
                    "y": 256.1963190184049
                },
                {
                    "x": 469.26352128883775,
                    "y": 319.5092024539877
                },
                {
                    "x": 403.716915995397,
                    "y": 319.5092024539877
                }
            ]
        }
    ],
    "version": "2.2.0"
}