{
    "asset": {
        "format": "jpg",
        "id": "522baeefc6cba87d0085682c84195191",
        "name": "WIN_20231103_09_52_14_Pro.jpg",
        "path": "file:D:/tomato%20KHM/WIN_20231103_09_52_14_Pro.jpg",
        "size": {
            "width": 640,
            "height": 480
        },
        "state": 2,
        "type": 1
    },
    "regions": [
        {
            "id": "k_BZWlDwd",
            "type": "RECTANGLE",
            "tags": [
                "tomato"
            ],
            "boundingBox": {
                "height": 85.39877300613496,
                "width": 58.18181818181819,
                "left": 568.6881472957423,
                "top": 295.2147239263804
            },
            "points": [
                {
                    "x": 568.6881472957423,
                    "y": 295.2147239263804
                },
                {
                    "x": 626.8699654775604,
                    "y": 295.2147239263804
                },
                {
                    "x": 626.8699654775604,
                    "y": 380.6134969325153
                },
                {
                    "x": 568.6881472957423,
                    "y": 380.6134969325153
                }
            ]
        },
        {
            "id": "3fWeQN5NY",
            "type": "RECTANGLE",
            "tags": [
                "tomato"
            ],
            "boundingBox": {
                "height": 66.25766871165644,
                "width": 54.372842347525896,
                "left": 585.6271576524741,
                "top": 383.55828220858893
            },
            "points": [
                {
                    "x": 585.6271576524741,
                    "y": 383.55828220858893
                },
                {
                    "x": 640,
                    "y": 383.55828220858893
                },
                {
                    "x": 640,
                    "y": 449.81595092024537
                },
                {
                    "x": 585.6271576524741,
                    "y": 449.81595092024537
                }
            ]
        }
    ],
    "version": "2.2.0"
}