{
    "asset": {
        "format": "jpg",
        "id": "549013eb607c4ba3fa496de2c247fc81",
        "name": "WIN_20231102_17_08_29_Pro.jpg",
        "path": "file:D:/tomato%20KHM/WIN_20231102_17_08_29_Pro.jpg",
        "size": {
            "width": 640,
            "height": 480
        },
        "state": 2,
        "type": 1
    },
    "regions": [
        {
            "id": "NvjCWoaVo",
            "type": "RECTANGLE",
            "tags": [
                "tomato"
            ],
            "boundingBox": {
                "height": 55.214723926380366,
                "width": 73.64787111622555,
                "left": 91.44994246260069,
                "top": 161.22699386503066
            },
            "points": [
                {
                    "x": 91.44994246260069,
                    "y": 161.22699386503066
                },
                {
                    "x": 165.09781357882625,
                    "y": 161.22699386503066
                },
                {
                    "x": 165.09781357882625,
                    "y": 216.44171779141104
                },
                {
                    "x": 91.44994246260069,
                    "y": 216.44171779141104
                }
            ]
        },
        {
            "id": "knPF8__IS",
            "type": "RECTANGLE",
            "tags": [
                "tomato"
            ],
            "boundingBox": {
                "height": 89.079754601227,
                "width": 81.0126582278481,
                "left": 367.62945914844653,
                "top": 220.12269938650306
            },
            "points": [
                {
                    "x": 367.62945914844653,
                    "y": 220.12269938650306
                },
                {
                    "x": 448.6421173762946,
                    "y": 220.12269938650306
                },
                {
                    "x": 448.6421173762946,
                    "y": 309.20245398773005
                },
                {
                    "x": 367.62945914844653,
                    "y": 309.20245398773005
                }
            ]
        }
    ],
    "version": "2.2.0"
}