{
    "asset": {
        "format": "jpg",
        "id": "55c3e37724d8f9caeaa3600d31ec379e",
        "name": "WIN_20231103_09_49_24_Pro.jpg",
        "path": "file:D:/tomato%20KHM/WIN_20231103_09_49_24_Pro.jpg",
        "size": {
            "width": 640,
            "height": 480
        },
        "state": 2,
        "type": 1
    },
    "regions": [
        {
            "id": "AcZLbS0Ht",
            "type": "RECTANGLE",
            "tags": [
                "tomato"
            ],
            "boundingBox": {
                "height": 58.15950920245398,
                "width": 67.01956271576525,
                "left": 200.44879171461452,
                "top": 209.079754601227
            },
            "points": [
                {
                    "x": 200.44879171461452,
                    "y": 209.079754601227
                },
                {
                    "x": 267.46835443037975,
                    "y": 209.079754601227
                },
                {
                    "x": 267.46835443037975,
                    "y": 267.23926380368096
                },
                {
                    "x": 200.44879171461452,
                    "y": 267.23926380368096
                }
            ]
        },
        {
            "id": "N0-0R3IJ-",
            "type": "RECTANGLE",
            "tags": [
                "tomato"
            ],
            "boundingBox": {
                "height": 52.26993865030675,
                "width": 53.76294591484465,
                "left": 305.0287686996548,
                "top": 163.43558282208588
            },
            "points": [
                {
                    "x": 305.0287686996548,
                    "y": 163.43558282208588
                },
                {
                    "x": 358.7917146144994,
                    "y": 163.43558282208588
                },
                {
                    "x": 358.7917146144994,
                    "y": 215.70552147239263
                },
                {
                    "x": 305.0287686996548,
                    "y": 215.70552147239263
                }
            ]
        }
    ],
    "version": "2.2.0"
}