{
    "asset": {
        "format": "jpg",
        "id": "57c936f1665568ae6d1af09169c2c227",
        "name": "WIN_20231102_17_15_37_Pro.jpg",
        "path": "file:D:/tomato%20KHM/WIN_20231102_17_15_37_Pro.jpg",
        "size": {
            "width": 640,
            "height": 480
        },
        "state": 2,
        "type": 1
    },
    "regions": [
        {
            "id": "2JEpyFaqa",
            "type": "RECTANGLE",
            "tags": [
                "tomato"
            ],
            "boundingBox": {
                "height": 60.3680981595092,
                "width": 47.26121979286536,
                "left": 0,
                "top": 269.44785276073617
            },
            "points": [
                {
                    "x": 0,
                    "y": 269.44785276073617
                },
                {
                    "x": 47.26121979286536,
                    "y": 269.44785276073617
                },
                {
                    "x": 47.26121979286536,
                    "y": 329.81595092024537
                },
                {
                    "x": 0,
                    "y": 329.81595092024537
                }
            ]
        },
        {
            "id": "CM4taNH5M",
            "type": "RECTANGLE",
            "tags": [
                "tomato"
            ],
            "boundingBox": {
                "height": 61.84049079754601,
                "width": 78.06674338319908,
                "left": 281.4614499424626,
                "top": 159.01840490797545
            },
            "points": [
                {
                    "x": 281.4614499424626,
                    "y": 159.01840490797545
                },
                {
                    "x": 359.5281933256617,
                    "y": 159.01840490797545
                },
                {
                    "x": 359.5281933256617,
                    "y": 220.85889570552146
                },
                {
                    "x": 281.4614499424626,
                    "y": 220.85889570552146
                }
            ]
        },
        {
            "id": "xyGjoUR_1",
            "type": "RECTANGLE",
            "tags": [
                "tomato"
            ],
            "boundingBox": {
                "height": 55.214723926380366,
                "width": 63.33716915995397,
                "left": 503.1415420023015,
                "top": 178.8957055214724
            },
            "points": [
                {
                    "x": 503.1415420023015,
                    "y": 178.8957055214724
                },
                {
                    "x": 566.4787111622555,
                    "y": 178.8957055214724
                },
                {
                    "x": 566.4787111622555,
                    "y": 234.11042944785274
                },
                {
                    "x": 503.1415420023015,
                    "y": 234.11042944785274
                }
            ]
        },
        {
            "id": "ZoP3hFXsr",
            "type": "RECTANGLE",
            "tags": [
                "tomato"
            ],
            "boundingBox": {
                "height": 54.47852760736196,
                "width": 60.39125431530495,
                "left": 497.98619102416575,
                "top": 218.65030674846625
            },
            "points": [
                {
                    "x": 497.98619102416575,
                    "y": 218.65030674846625
                },
                {
                    "x": 558.3774453394707,
                    "y": 218.65030674846625
                },
                {
                    "x": 558.3774453394707,
                    "y": 273.1288343558282
                },
                {
                    "x": 497.98619102416575,
                    "y": 273.1288343558282
                }
            ]
        }
    ],
    "version": "2.2.0"
}