{
    "asset": {
        "format": "jpg",
        "id": "5a263401418463f76547c7ac6b0708d3",
        "name": "WIN_20231102_17_12_03_Pro.jpg",
        "path": "file:D:/tomato%20KHM/WIN_20231102_17_12_03_Pro.jpg",
        "size": {
            "width": 640,
            "height": 480
        },
        "state": 2,
        "type": 1
    },
    "regions": [
        {
            "id": "P6ewQvBdq",
            "type": "RECTANGLE",
            "tags": [
                "tomato"
            ],
            "boundingBox": {
                "height": 80.98159509202453,
                "width": 75.85730724971232,
                "left": 321.9677790563867,
                "top": 178.8957055214724
            },
            "points": [
                {
                    "x": 321.9677790563867,
                    "y": 178.8957055214724
                },
                {
                    "x": 397.82508630609897,
                    "y": 178.8957055214724
                },
                {
                    "x": 397.82508630609897,
                    "y": 259.8773006134969
                },
                {
                    "x": 321.9677790563867,
                    "y": 259.8773006134969
                }
            ]
        }
    ],
    "version": "2.2.0"
}