{
    "asset": {
        "format": "jpg",
        "id": "5de9745a08bc45499218dde91659f811",
        "name": "WIN_20231103_09_55_35_Pro.jpg",
        "path": "file:D:/tomato%20KHM/WIN_20231103_09_55_35_Pro.jpg",
        "size": {
            "width": 640,
            "height": 480
        },
        "state": 2,
        "type": 1
    },
    "regions": [
        {
            "id": "uCmxoiP46",
            "type": "RECTANGLE",
            "tags": [
                "tomato"
            ],
            "boundingBox": {
                "height": 62.576687116564415,
                "width": 55.97238204833142,
                "left": 267.46835443037975,
                "top": 202.45398773006133
            },
            "points": [
                {
                    "x": 267.46835443037975,
                    "y": 202.45398773006133
                },
                {
                    "x": 323.4407364787112,
                    "y": 202.45398773006133
                },
                {
                    "x": 323.4407364787112,
                    "y": 265.03067484662574
                },
                {
                    "x": 267.46835443037975,
                    "y": 265.03067484662574
                }
            ]
        },
        {
            "id": "RGzt_BK6Y",
            "type": "RECTANGLE",
            "tags": [
                "tomato"
            ],
            "boundingBox": {
                "height": 61.84049079754601,
                "width": 64.07364787111622,
                "left": 306.5017261219793,
                "top": 135.4601226993865
            },
            "points": [
                {
                    "x": 306.5017261219793,
                    "y": 135.4601226993865
                },
                {
                    "x": 370.5753739930955,
                    "y": 135.4601226993865
                },
                {
                    "x": 370.5753739930955,
                    "y": 197.3006134969325
                },
                {
                    "x": 306.5017261219793,
                    "y": 197.3006134969325
                }
            ]
        }
    ],
    "version": "2.2.0"
}