{
    "asset": {
        "format": "jpg",
        "id": "5df084a2daac8123b07bf3f08fde0bdf",
        "name": "WIN_20231103_09_44_13_Pro.jpg",
        "path": "file:D:/tomato%20KHM/WIN_20231103_09_44_13_Pro.jpg",
        "size": {
            "width": 640,
            "height": 480
        },
        "state": 2,
        "type": 1
    },
    "regions": [
        {
            "id": "pYpPA5NK8",
            "type": "RECTANGLE",
            "tags": [
                "tomato"
            ],
            "boundingBox": {
                "height": 66.25766871165644,
                "width": 56.708860759493675,
                "left": 92.9228998849252,
                "top": 329.81595092024537
            },
            "points": [
                {
                    "x": 92.9228998849252,
                    "y": 329.81595092024537
                },
                {
                    "x": 149.63176064441888,
                    "y": 329.81595092024537
                },
                {
                    "x": 149.63176064441888,
                    "y": 396.0736196319018
                },
                {
                    "x": 92.9228998849252,
                    "y": 396.0736196319018
                }
            ]
        },
        {
            "id": "vrUV86ZX8",
            "type": "RECTANGLE",
            "tags": [
                "tomato"
            ],
            "boundingBox": {
                "height": 57.42331288343558,
                "width": 59.65477560414269,
                "left": 158.46950517836595,
                "top": 323.92638036809814
            },
            "points": [
                {
                    "x": 158.46950517836595,
                    "y": 323.92638036809814
                },
                {
                    "x": 218.12428078250863,
                    "y": 323.92638036809814
                },
                {
                    "x": 218.12428078250863,
                    "y": 381.3496932515337
                },
                {
                    "x": 158.46950517836595,
                    "y": 381.3496932515337
                }
            ]
        }
    ],
    "version": "2.2.0"
}