{
    "asset": {
        "format": "jpg",
        "id": "5ffe4f84083c778adf5030f3222e1206",
        "name": "WIN_20231102_17_07_51_Pro.jpg",
        "path": "file:D:/tomato%20KHM/WIN_20231102_17_07_51_Pro.jpg",
        "size": {
            "width": 640,
            "height": 480
        },
        "state": 2,
        "type": 1
    },
    "regions": [
        {
            "id": "sAc7nxsZc",
            "type": "RECTANGLE",
            "tags": [
                "tomato"
            ],
            "boundingBox": {
                "height": 77.30061349693251,
                "width": 75.85730724971232,
                "left": 322.70425776754894,
                "top": 245.88957055214723
            },
            "points": [
                {
                    "x": 322.70425776754894,
                    "y": 245.88957055214723
                },
                {
                    "x": 398.5615650172612,
                    "y": 245.88957055214723
                },
                {
                    "x": 398.5615650172612,
                    "y": 323.19018404907973
                },
                {
                    "x": 322.70425776754894,
                    "y": 323.19018404907973
                }
            ]
        }
    ],
    "version": "2.2.0"
}