{
    "asset": {
        "format": "jpg",
        "id": "63c3a6c4cf5df7e20b90f542646a32d9",
        "name": "WIN_20231102_17_14_05_Pro.jpg",
        "path": "file:D:/tomato%20KHM/WIN_20231102_17_14_05_Pro.jpg",
        "size": {
            "width": 640,
            "height": 480
        },
        "state": 2,
        "type": 1
    },
    "regions": [
        {
            "id": "pugb2TFgZ",
            "type": "RECTANGLE",
            "tags": [
                "tomato"
            ],
            "boundingBox": {
                "height": 60.3680981595092,
                "width": 58.918296892980436,
                "left": 83.34867663981588,
                "top": 110.42944785276073
            },
            "points": [
                {
                    "x": 83.34867663981588,
                    "y": 110.42944785276073
                },
                {
                    "x": 142.26697353279633,
                    "y": 110.42944785276073
                },
                {
                    "x": 142.26697353279633,
                    "y": 170.79754601226992
                },
                {
                    "x": 83.34867663981588,
                    "y": 170.79754601226992
                }
            ]
        }
    ],
    "version": "2.2.0"
}