{
    "asset": {
        "format": "jpg",
        "id": "66eca5eb39224cefb5857fcc4c81fa4c",
        "name": "WIN_20231103_09_49_15_Pro.jpg",
        "path": "file:D:/tomato%20KHM/WIN_20231103_09_49_15_Pro.jpg",
        "size": {
            "width": 640,
            "height": 480
        },
        "state": 2,
        "type": 1
    },
    "regions": [
        {
            "id": "U-y3SV_Gg",
            "type": "RECTANGLE",
            "tags": [
                "tomato"
            ],
            "boundingBox": {
                "height": 66.25766871165644,
                "width": 44.92520138089758,
                "left": 1.5995397008055237,
                "top": 220.85889570552146
            },
            "points": [
                {
                    "x": 1.5995397008055237,
                    "y": 220.85889570552146
                },
                {
                    "x": 46.524741081703105,
                    "y": 220.85889570552146
                },
                {
                    "x": 46.524741081703105,
                    "y": 287.1165644171779
                },
                {
                    "x": 1.5995397008055237,
                    "y": 287.1165644171779
                }
            ]
        },
        {
            "id": "9_ozAq2OQ",
            "type": "RECTANGLE",
            "tags": [
                "tomato"
            ],
            "boundingBox": {
                "height": 60.3680981595092,
                "width": 38.296892980437285,
                "left": 388.9873417721519,
                "top": 232.63803680981593
            },
            "points": [
                {
                    "x": 388.9873417721519,
                    "y": 232.63803680981593
                },
                {
                    "x": 427.2842347525892,
                    "y": 232.63803680981593
                },
                {
                    "x": 427.2842347525892,
                    "y": 293.00613496932516
                },
                {
                    "x": 388.9873417721519,
                    "y": 293.00613496932516
                }
            ]
        }
    ],
    "version": "2.2.0"
}