{
    "asset": {
        "format": "jpg",
        "id": "674900664e7cdf3ad90ea7b54b5a1dc6",
        "name": "WIN_20231103_09_41_17_Pro.jpg",
        "path": "file:D:/tomato%20KHM/WIN_20231103_09_41_17_Pro.jpg",
        "size": {
            "width": 640,
            "height": 480
        },
        "state": 2,
        "type": 1
    },
    "regions": [
        {
            "id": "oDLARGgbi",
            "type": "RECTANGLE",
            "tags": [
                "tomato"
            ],
            "boundingBox": {
                "height": 64.78527607361963,
                "width": 68.49252013808976,
                "left": 358.0552359033372,
                "top": 254.72392638036808
            },
            "points": [
                {
                    "x": 358.0552359033372,
                    "y": 254.72392638036808
                },
                {
                    "x": 426.54775604142696,
                    "y": 254.72392638036808
                },
                {
                    "x": 426.54775604142696,
                    "y": 319.5092024539877
                },
                {
                    "x": 358.0552359033372,
                    "y": 319.5092024539877
                }
            ]
        },
        {
            "id": "Jk-r2iGvM",
            "type": "RECTANGLE",
            "tags": [
                "tomato"
            ],
            "boundingBox": {
                "height": 79.50920245398773,
                "width": 21.48446490218642,
                "left": 0,
                "top": 232.63803680981593
            },
            "points": [
                {
                    "x": 0,
                    "y": 232.63803680981593
                },
                {
                    "x": 21.48446490218642,
                    "y": 232.63803680981593
                },
                {
                    "x": 21.48446490218642,
                    "y": 312.14723926380367
                },
                {
                    "x": 0,
                    "y": 312.14723926380367
                }
            ]
        }
    ],
    "version": "2.2.0"
}