{
    "asset": {
        "format": "jpg",
        "id": "69024d7b0cf7082a7629ed1c115af106",
        "name": "WIN_20231102_17_14_00_Pro.jpg",
        "path": "file:D:/tomato%20KHM/WIN_20231102_17_14_00_Pro.jpg",
        "size": {
            "width": 640,
            "height": 480
        },
        "state": 2,
        "type": 1
    },
    "regions": [
        {
            "id": "zBjuOUWo8",
            "type": "RECTANGLE",
            "tags": [
                "tomato"
            ],
            "boundingBox": {
                "height": 38.282208588957054,
                "width": 10.310701956271577,
                "left": 0.12658227848101267,
                "top": 339.3865030674846
            },
            "points": [
                {
                    "x": 0.12658227848101267,
                    "y": 339.3865030674846
                },
                {
                    "x": 10.437284234752589,
                    "y": 339.3865030674846
                },
                {
                    "x": 10.437284234752589,
                    "y": 377.6687116564417
                },
                {
                    "x": 0.12658227848101267,
                    "y": 377.6687116564417
                }
            ]
        },
        {
            "id": "WizWJqDRl",
            "type": "RECTANGLE",
            "tags": [
                "tomato"
            ],
            "boundingBox": {
                "height": 66.99386503067484,
                "width": 77.33026467203683,
                "left": 150.36823935558112,
                "top": 269.44785276073617
            },
            "points": [
                {
                    "x": 150.36823935558112,
                    "y": 269.44785276073617
                },
                {
                    "x": 227.69850402761796,
                    "y": 269.44785276073617
                },
                {
                    "x": 227.69850402761796,
                    "y": 336.441717791411
                },
                {
                    "x": 150.36823935558112,
                    "y": 336.441717791411
                }
            ]
        },
        {
            "id": "2ZwgWllbr",
            "type": "RECTANGLE",
            "tags": [
                "tomato"
            ],
            "boundingBox": {
                "height": 67.73006134969324,
                "width": 75.12082853855006,
                "left": 281.4614499424626,
                "top": 165.6441717791411
            },
            "points": [
                {
                    "x": 281.4614499424626,
                    "y": 165.6441717791411
                },
                {
                    "x": 356.5822784810127,
                    "y": 165.6441717791411
                },
                {
                    "x": 356.5822784810127,
                    "y": 233.37423312883433
                },
                {
                    "x": 281.4614499424626,
                    "y": 233.37423312883433
                }
            ]
        },
        {
            "id": "nLnmjgK1u",
            "type": "RECTANGLE",
            "tags": [
                "tomato"
            ],
            "boundingBox": {
                "height": 66.25766871165644,
                "width": 69.96547756041427,
                "left": 464.10817031070195,
                "top": 106.74846625766871
            },
            "points": [
                {
                    "x": 464.10817031070195,
                    "y": 106.74846625766871
                },
                {
                    "x": 534.0736478711162,
                    "y": 106.74846625766871
                },
                {
                    "x": 534.0736478711162,
                    "y": 173.00613496932516
                },
                {
                    "x": 464.10817031070195,
                    "y": 173.00613496932516
                }
            ]
        }
    ],
    "version": "2.2.0"
}