{
    "asset": {
        "format": "jpg",
        "id": "69b8e9e0857b41d758b16e84c5e12466",
        "name": "WIN_20231102_17_08_06_Pro.jpg",
        "path": "file:D:/tomato%20KHM/WIN_20231102_17_08_06_Pro.jpg",
        "size": {
            "width": 640,
            "height": 480
        },
        "state": 2,
        "type": 1
    },
    "regions": [
        {
            "id": "Q7oT7pspt",
            "type": "RECTANGLE",
            "tags": [
                "tomato"
            ],
            "boundingBox": {
                "height": 69.20245398773005,
                "width": 69.96547756041427,
                "left": 265.258918296893,
                "top": 347.4846625766871
            },
            "points": [
                {
                    "x": 265.258918296893,
                    "y": 347.4846625766871
                },
                {
                    "x": 335.2243958573073,
                    "y": 347.4846625766871
                },
                {
                    "x": 335.2243958573073,
                    "y": 416.6871165644172
                },
                {
                    "x": 265.258918296893,
                    "y": 416.6871165644172
                }
            ]
        }
    ],
    "version": "2.2.0"
}