{
    "asset": {
        "format": "jpg",
        "id": "6a5ad319f7e301bf397167b5fe39a6a7",
        "name": "WIN_20231102_17_10_46_Pro.jpg",
        "path": "file:D:/tomato%20KHM/WIN_20231102_17_10_46_Pro.jpg",
        "size": {
            "width": 640,
            "height": 480
        },
        "state": 2,
        "type": 1
    },
    "regions": [
        {
            "id": "c5ZyPE_bx",
            "type": "RECTANGLE",
            "tags": [
                "tomato"
            ],
            "boundingBox": {
                "height": 61.84049079754601,
                "width": 53.026467203682394,
                "left": 1.5995397008055237,
                "top": 189.20245398773005
            },
            "points": [
                {
                    "x": 1.5995397008055237,
                    "y": 189.20245398773005
                },
                {
                    "x": 54.626006904487916,
                    "y": 189.20245398773005
                },
                {
                    "x": 54.626006904487916,
                    "y": 251.04294478527606
                },
                {
                    "x": 1.5995397008055237,
                    "y": 251.04294478527606
                }
            ]
        },
        {
            "id": "n-XjjdHWw",
            "type": "RECTANGLE",
            "tags": [
                "tomato"
            ],
            "boundingBox": {
                "height": 62.576687116564415,
                "width": 67.01956271576525,
                "left": 81.13924050632912,
                "top": 167.8527607361963
            },
            "points": [
                {
                    "x": 81.13924050632912,
                    "y": 167.8527607361963
                },
                {
                    "x": 148.15880322209438,
                    "y": 167.8527607361963
                },
                {
                    "x": 148.15880322209438,
                    "y": 230.42944785276072
                },
                {
                    "x": 81.13924050632912,
                    "y": 230.42944785276072
                }
            ]
        }
    ],
    "version": "2.2.0"
}