{
    "asset": {
        "format": "jpg",
        "id": "6d063f2c5131cb7ba89ce52788f172ca",
        "name": "WIN_20231103_09_51_40_Pro.jpg",
        "path": "file:D:/tomato%20KHM/WIN_20231103_09_51_40_Pro.jpg",
        "size": {
            "width": 640,
            "height": 480
        },
        "state": 2,
        "type": 1
    },
    "regions": [
        {
            "id": "0aJVkmGiA",
            "type": "RECTANGLE",
            "tags": [
                "tomato"
            ],
            "boundingBox": {
                "height": 54.47852760736196,
                "width": 53.76294591484465,
                "left": 55.36248561565017,
                "top": 221.59509202453987
            },
            "points": [
                {
                    "x": 55.36248561565017,
                    "y": 221.59509202453987
                },
                {
                    "x": 109.12543153049482,
                    "y": 221.59509202453987
                },
                {
                    "x": 109.12543153049482,
                    "y": 276.0736196319018
                },
                {
                    "x": 55.36248561565017,
                    "y": 276.0736196319018
                }
            ]
        },
        {
            "id": "9RuBIrE0_",
            "type": "RECTANGLE",
            "tags": [
                "tomato"
            ],
            "boundingBox": {
                "height": 40.49079754601227,
                "width": 53.026467203682394,
                "left": 50.94361334867664,
                "top": 189.93865030674846
            },
            "points": [
                {
                    "x": 50.94361334867664,
                    "y": 189.93865030674846
                },
                {
                    "x": 103.97008055235904,
                    "y": 189.93865030674846
                },
                {
                    "x": 103.97008055235904,
                    "y": 230.42944785276072
                },
                {
                    "x": 50.94361334867664,
                    "y": 230.42944785276072
                }
            ]
        },
        {
            "id": "u6mHlicLW",
            "type": "RECTANGLE",
            "tags": [
                "tomato"
            ],
            "boundingBox": {
                "height": 63.31288343558282,
                "width": 53.026467203682394,
                "left": 94.39585730724971,
                "top": 128.09815950920245
            },
            "points": [
                {
                    "x": 94.39585730724971,
                    "y": 128.09815950920245
                },
                {
                    "x": 147.4223245109321,
                    "y": 128.09815950920245
                },
                {
                    "x": 147.4223245109321,
                    "y": 191.41104294478527
                },
                {
                    "x": 94.39585730724971,
                    "y": 191.41104294478527
                }
            ]
        },
        {
            "id": "EeKvF3I9T",
            "type": "RECTANGLE",
            "tags": [
                "tomato"
            ],
            "boundingBox": {
                "height": 45.644171779141104,
                "width": 55.97238204833142,
                "left": 447.1691599539701,
                "top": 168.5889570552147
            },
            "points": [
                {
                    "x": 447.1691599539701,
                    "y": 168.5889570552147
                },
                {
                    "x": 503.1415420023015,
                    "y": 168.5889570552147
                },
                {
                    "x": 503.1415420023015,
                    "y": 214.23312883435582
                },
                {
                    "x": 447.1691599539701,
                    "y": 214.23312883435582
                }
            ]
        }
    ],
    "version": "2.2.0"
}