{
    "asset": {
        "format": "jpg",
        "id": "6f7b446e1a5d82359e4c4b180b7a4d4c",
        "name": "WIN_20231102_17_03_51_Pro.jpg",
        "path": "file:D:/tomato%20KHM/WIN_20231102_17_03_51_Pro.jpg",
        "size": {
            "width": 640,
            "height": 480
        },
        "state": 2,
        "type": 1
    },
    "regions": [
        {
            "id": "nmwMOjqrP",
            "type": "RECTANGLE",
            "tags": [
                "tomato"
            ],
            "boundingBox": {
                "height": 64.78527607361963,
                "width": 21.48446490218642,
                "left": 0,
                "top": 349.69325153374234
            },
            "points": [
                {
                    "x": 0,
                    "y": 349.69325153374234
                },
                {
                    "x": 21.48446490218642,
                    "y": 349.69325153374234
                },
                {
                    "x": 21.48446490218642,
                    "y": 414.47852760736197
                },
                {
                    "x": 0,
                    "y": 414.47852760736197
                }
            ]
        },
        {
            "id": "BZbVrC4Sf",
            "type": "RECTANGLE",
            "tags": [
                "tomato"
            ],
            "boundingBox": {
                "height": 74.3558282208589,
                "width": 75.85730724971232,
                "left": 241.6915995397008,
                "top": 389.44785276073617
            },
            "points": [
                {
                    "x": 241.6915995397008,
                    "y": 389.44785276073617
                },
                {
                    "x": 317.54890678941314,
                    "y": 389.44785276073617
                },
                {
                    "x": 317.54890678941314,
                    "y": 463.80368098159505
                },
                {
                    "x": 241.6915995397008,
                    "y": 463.80368098159505
                }
            ]
        },
        {
            "id": "Xs7DYnBP2",
            "type": "RECTANGLE",
            "tags": [
                "tomato"
            ],
            "boundingBox": {
                "height": 40.49079754601227,
                "width": 30.805523590333717,
                "left": 609.1944764096663,
                "top": 439.5092024539877
            },
            "points": [
                {
                    "x": 609.1944764096663,
                    "y": 439.5092024539877
                },
                {
                    "x": 640,
                    "y": 439.5092024539877
                },
                {
                    "x": 640,
                    "y": 480
                },
                {
                    "x": 609.1944764096663,
                    "y": 480
                }
            ]
        }
    ],
    "version": "2.2.0"
}