{
    "asset": {
        "format": "jpg",
        "id": "72ea8cfcc64f3fb8d7d5de88e962a70c",
        "name": "WIN_20231103_09_37_40_Pro.jpg",
        "path": "file:D:/tomato%20KHM/WIN_20231103_09_37_40_Pro.jpg",
        "size": {
            "width": 640,
            "height": 480
        },
        "state": 2,
        "type": 1
    },
    "regions": [
        {
            "id": "KXscJeOo6",
            "type": "RECTANGLE",
            "tags": [
                "tomato"
            ],
            "boundingBox": {
                "height": 66.25766871165644,
                "width": 72.9113924050633,
                "left": 112.80782508630611,
                "top": 203.19018404907973
            },
            "points": [
                {
                    "x": 112.80782508630611,
                    "y": 203.19018404907973
                },
                {
                    "x": 185.7192174913694,
                    "y": 203.19018404907973
                },
                {
                    "x": 185.7192174913694,
                    "y": 269.44785276073617
                },
                {
                    "x": 112.80782508630611,
                    "y": 269.44785276073617
                }
            ]
        },
        {
            "id": "4CEtPs2i1",
            "type": "RECTANGLE",
            "tags": [
                "tomato"
            ],
            "boundingBox": {
                "height": 51.533742331288344,
                "width": 61.86421173762946,
                "left": 73.0379746835443,
                "top": 278.282208588957
            },
            "points": [
                {
                    "x": 73.0379746835443,
                    "y": 278.282208588957
                },
                {
                    "x": 134.90218642117378,
                    "y": 278.282208588957
                },
                {
                    "x": 134.90218642117378,
                    "y": 329.81595092024537
                },
                {
                    "x": 73.0379746835443,
                    "y": 329.81595092024537
                }
            ]
        },
        {
            "id": "KPnrkZ1qK",
            "type": "RECTANGLE",
            "tags": [
                "tomato"
            ],
            "boundingBox": {
                "height": 57.42331288343558,
                "width": 56.708860759493675,
                "left": 470,
                "top": 173.74233128834356
            },
            "points": [
                {
                    "x": 470,
                    "y": 173.74233128834356
                },
                {
                    "x": 526.7088607594937,
                    "y": 173.74233128834356
                },
                {
                    "x": 526.7088607594937,
                    "y": 231.16564417177912
                },
                {
                    "x": 470,
                    "y": 231.16564417177912
                }
            ]
        }
    ],
    "version": "2.2.0"
}