{
    "asset": {
        "format": "jpg",
        "id": "731f9e34b59c933d8f1ff70b533b6583",
        "name": "WIN_20231102_17_05_43_Pro.jpg",
        "path": "file:D:/tomato%20KHM/WIN_20231102_17_05_43_Pro.jpg",
        "size": {
            "width": 640,
            "height": 480
        },
        "state": 2,
        "type": 1
    },
    "regions": [
        {
            "id": "jVjJJf178",
            "type": "RECTANGLE",
            "tags": [
                "tomato"
            ],
            "boundingBox": {
                "height": 61.84049079754601,
                "width": 89.11392405063292,
                "left": 207.0771001150748,
                "top": 418.159509202454
            },
            "points": [
                {
                    "x": 207.0771001150748,
                    "y": 418.159509202454
                },
                {
                    "x": 296.19102416570774,
                    "y": 418.159509202454
                },
                {
                    "x": 296.19102416570774,
                    "y": 480
                },
                {
                    "x": 207.0771001150748,
                    "y": 480
                }
            ]
        },
        {
            "id": "jbjW0RNfs",
            "type": "RECTANGLE",
            "tags": [
                "tomato"
            ],
            "boundingBox": {
                "height": 70.67484662576686,
                "width": 87.6409666283084,
                "left": 247.58342922899885,
                "top": 366.62576687116564
            },
            "points": [
                {
                    "x": 247.58342922899885,
                    "y": 366.62576687116564
                },
                {
                    "x": 335.2243958573073,
                    "y": 366.62576687116564
                },
                {
                    "x": 335.2243958573073,
                    "y": 437.3006134969325
                },
                {
                    "x": 247.58342922899885,
                    "y": 437.3006134969325
                }
            ]
        },
        {
            "id": "EIF_ZXhtL",
            "type": "RECTANGLE",
            "tags": [
                "tomato"
            ],
            "boundingBox": {
                "height": 93.49693251533742,
                "width": 62.47410817031071,
                "left": 577.5258918296893,
                "top": 386.50306748466255
            },
            "points": [
                {
                    "x": 577.5258918296893,
                    "y": 386.50306748466255
                },
                {
                    "x": 640,
                    "y": 386.50306748466255
                },
                {
                    "x": 640,
                    "y": 480
                },
                {
                    "x": 577.5258918296893,
                    "y": 480
                }
            ]
        }
    ],
    "version": "2.2.0"
}