{
    "asset": {
        "format": "jpg",
        "id": "73adeb12c6b9005703c0c707282059e6",
        "name": "WIN_20231102_17_03_54_Pro.jpg",
        "path": "file:D:/tomato%20KHM/WIN_20231102_17_03_54_Pro.jpg",
        "size": {
            "width": 640,
            "height": 480
        },
        "state": 2,
        "type": 1
    },
    "regions": [
        {
            "id": "YEhoPoczs",
            "type": "RECTANGLE",
            "tags": [
                "tomato"
            ],
            "boundingBox": {
                "height": 64.78527607361963,
                "width": 34.004602991944765,
                "left": 0,
                "top": 381.3496932515337
            },
            "points": [
                {
                    "x": 0,
                    "y": 381.3496932515337
                },
                {
                    "x": 34.004602991944765,
                    "y": 381.3496932515337
                },
                {
                    "x": 34.004602991944765,
                    "y": 446.13496932515335
                },
                {
                    "x": 0,
                    "y": 446.13496932515335
                }
            ]
        },
        {
            "id": "9CsgyXLyB",
            "type": "RECTANGLE",
            "tags": [
                "tomato"
            ],
            "boundingBox": {
                "height": 47.11656441717791,
                "width": 83.22209436133487,
                "left": 273.3601841196778,
                "top": 432.8834355828221
            },
            "points": [
                {
                    "x": 273.3601841196778,
                    "y": 432.8834355828221
                },
                {
                    "x": 356.5822784810127,
                    "y": 432.8834355828221
                },
                {
                    "x": 356.5822784810127,
                    "y": 480
                },
                {
                    "x": 273.3601841196778,
                    "y": 480
                }
            ]
        },
        {
            "id": "3BsuBQoUY",
            "type": "RECTANGLE",
            "tags": [
                "tomato"
            ],
            "boundingBox": {
                "height": 80.24539877300613,
                "width": 19.02186421173763,
                "left": 620.9781357882624,
                "top": 383.55828220858893
            },
            "points": [
                {
                    "x": 620.9781357882624,
                    "y": 383.55828220858893
                },
                {
                    "x": 640,
                    "y": 383.55828220858893
                },
                {
                    "x": 640,
                    "y": 463.80368098159505
                },
                {
                    "x": 620.9781357882624,
                    "y": 463.80368098159505
                }
            ]
        }
    ],
    "version": "2.2.0"
}