{
    "asset": {
        "format": "jpg",
        "id": "749da72bfb63ed8da08d490c75a4c1cb",
        "name": "WIN_20231103_09_43_55_Pro.jpg",
        "path": "file:D:/tomato%20KHM/WIN_20231103_09_43_55_Pro.jpg",
        "size": {
            "width": 640,
            "height": 480
        },
        "state": 2,
        "type": 1
    },
    "regions": [
        {
            "id": "UaEdX-Mkq",
            "type": "RECTANGLE",
            "tags": [
                "tomato"
            ],
            "boundingBox": {
                "height": 64.78527607361963,
                "width": 54.499424626006906,
                "left": 131.95627157652476,
                "top": 254.72392638036808
            },
            "points": [
                {
                    "x": 131.95627157652476,
                    "y": 254.72392638036808
                },
                {
                    "x": 186.45569620253164,
                    "y": 254.72392638036808
                },
                {
                    "x": 186.45569620253164,
                    "y": 319.5092024539877
                },
                {
                    "x": 131.95627157652476,
                    "y": 319.5092024539877
                }
            ]
        }
    ],
    "version": "2.2.0"
}