{
    "asset": {
        "format": "jpg",
        "id": "7a54afbfe4565088d162b60f6fb61eda",
        "name": "WIN_20231102_17_02_09_Pro.jpg",
        "path": "file:D:/tomato%20KHM/WIN_20231102_17_02_09_Pro.jpg",
        "size": {
            "width": 640,
            "height": 480
        },
        "state": 2,
        "type": 1
    },
    "regions": [
        {
            "id": "tLZQBcnJj",
            "type": "RECTANGLE",
            "tags": [
                "tomato"
            ],
            "boundingBox": {
                "height": 68.46625766871165,
                "width": 64.81012658227849,
                "left": 0.12658227848101267,
                "top": 110.42944785276073
            },
            "points": [
                {
                    "x": 0.12658227848101267,
                    "y": 110.42944785276073
                },
                {
                    "x": 64.9367088607595,
                    "y": 110.42944785276073
                },
                {
                    "x": 64.9367088607595,
                    "y": 178.8957055214724
                },
                {
                    "x": 0.12658227848101267,
                    "y": 178.8957055214724
                }
            ]
        },
        {
            "id": "VQEm9d2-e",
            "type": "RECTANGLE",
            "tags": [
                "tomato"
            ],
            "boundingBox": {
                "height": 62.576687116564415,
                "width": 64.07364787111622,
                "left": 131.95627157652476,
                "top": 111.90184049079754
            },
            "points": [
                {
                    "x": 131.95627157652476,
                    "y": 111.90184049079754
                },
                {
                    "x": 196.02991944764096,
                    "y": 111.90184049079754
                },
                {
                    "x": 196.02991944764096,
                    "y": 174.47852760736197
                },
                {
                    "x": 131.95627157652476,
                    "y": 174.47852760736197
                }
            ]
        },
        {
            "id": "1gVNJ_hdD",
            "type": "RECTANGLE",
            "tags": [
                "tomato"
            ],
            "boundingBox": {
                "height": 66.25766871165644,
                "width": 58.918296892980436,
                "left": 109.12543153049482,
                "top": 287.1165644171779
            },
            "points": [
                {
                    "x": 109.12543153049482,
                    "y": 287.1165644171779
                },
                {
                    "x": 168.04372842347527,
                    "y": 287.1165644171779
                },
                {
                    "x": 168.04372842347527,
                    "y": 353.37423312883436
                },
                {
                    "x": 109.12543153049482,
                    "y": 353.37423312883436
                }
            ]
        },
        {
            "id": "5EZzsvbfp",
            "type": "RECTANGLE",
            "tags": [
                "tomato"
            ],
            "boundingBox": {
                "height": 77.30061349693251,
                "width": 77.33026467203683,
                "left": 347.74453394706563,
                "top": 354.84662576687117
            },
            "points": [
                {
                    "x": 347.74453394706563,
                    "y": 354.84662576687117
                },
                {
                    "x": 425.0747986191024,
                    "y": 354.84662576687117
                },
                {
                    "x": 425.0747986191024,
                    "y": 432.14723926380367
                },
                {
                    "x": 347.74453394706563,
                    "y": 432.14723926380367
                }
            ]
        }
    ],
    "version": "2.2.0"
}