{
    "asset": {
        "format": "jpg",
        "id": "7fd385d1adb87a6d8d8cb8f27faa5a47",
        "name": "WIN_20231102_17_01_30_Pro.jpg",
        "path": "file:D:/tomato%20KHM/WIN_20231102_17_01_30_Pro.jpg",
        "size": {
            "width": 640,
            "height": 480
        },
        "state": 2,
        "type": 1
    },
    "regions": [
        {
            "id": "aXaM8tqhY",
            "type": "RECTANGLE",
            "tags": [
                "tomato"
            ],
            "boundingBox": {
                "height": 66.25766871165644,
                "width": 67.75604142692751,
                "left": 36.21403912543153,
                "top": 326.13496932515335
            },
            "points": [
                {
                    "x": 36.21403912543153,
                    "y": 326.13496932515335
                },
                {
                    "x": 103.97008055235904,
                    "y": 326.13496932515335
                },
                {
                    "x": 103.97008055235904,
                    "y": 392.3926380368098
                },
                {
                    "x": 36.21403912543153,
                    "y": 392.3926380368098
                }
            ]
        },
        {
            "id": "JQJg-fjeN",
            "type": "RECTANGLE",
            "tags": [
                "tomato"
            ],
            "boundingBox": {
                "height": 76.56441717791411,
                "width": 86.16800920598389,
                "left": 355.1093210586882,
                "top": 396.0736196319018
            },
            "points": [
                {
                    "x": 355.1093210586882,
                    "y": 396.0736196319018
                },
                {
                    "x": 441.27733026467206,
                    "y": 396.0736196319018
                },
                {
                    "x": 441.27733026467206,
                    "y": 472.63803680981596
                },
                {
                    "x": 355.1093210586882,
                    "y": 472.63803680981596
                }
            ]
        }
    ],
    "version": "2.2.0"
}