{
    "asset": {
        "format": "jpg",
        "id": "85dc953c88276d498e41045eff6f3b54",
        "name": "WIN_20231103_09_43_49_Pro.jpg",
        "path": "file:D:/tomato%20KHM/WIN_20231103_09_43_49_Pro.jpg",
        "size": {
            "width": 640,
            "height": 480
        },
        "state": 2,
        "type": 1
    },
    "regions": [
        {
            "id": "GhVG7KLFR",
            "type": "RECTANGLE",
            "tags": [
                "tomato"
            ],
            "boundingBox": {
                "height": 55.95092024539877,
                "width": 53.026467203682394,
                "left": 2.336018411967779,
                "top": 258.4049079754601
            },
            "points": [
                {
                    "x": 2.336018411967779,
                    "y": 258.4049079754601
                },
                {
                    "x": 55.36248561565017,
                    "y": 258.4049079754601
                },
                {
                    "x": 55.36248561565017,
                    "y": 314.3558282208589
                },
                {
                    "x": 2.336018411967779,
                    "y": 314.3558282208589
                }
            ]
        },
        {
            "id": "moK3iAuRt",
            "type": "RECTANGLE",
            "tags": [
                "tomato"
            ],
            "boundingBox": {
                "height": 45.644171779141104,
                "width": 55.23590333716916,
                "left": 80.40276179516687,
                "top": 279.0184049079754
            },
            "points": [
                {
                    "x": 80.40276179516687,
                    "y": 279.0184049079754
                },
                {
                    "x": 135.63866513233603,
                    "y": 279.0184049079754
                },
                {
                    "x": 135.63866513233603,
                    "y": 324.66257668711654
                },
                {
                    "x": 80.40276179516687,
                    "y": 324.66257668711654
                }
            ]
        }
    ],
    "version": "2.2.0"
}