{
    "asset": {
        "format": "jpg",
        "id": "85dd43d6547d40232c8bb5be08b0499c",
        "name": "WIN_20231103_09_49_19_Pro.jpg",
        "path": "file:D:/tomato%20KHM/WIN_20231103_09_49_19_Pro.jpg",
        "size": {
            "width": 640,
            "height": 480
        },
        "state": 2,
        "type": 1
    },
    "regions": [
        {
            "id": "P9auJuGq6",
            "type": "RECTANGLE",
            "tags": [
                "tomato"
            ],
            "boundingBox": {
                "height": 65.52147239263803,
                "width": 65.54660529344073,
                "left": 212.96892980437286,
                "top": 221.59509202453987
            },
            "points": [
                {
                    "x": 212.96892980437286,
                    "y": 221.59509202453987
                },
                {
                    "x": 278.5155350978136,
                    "y": 221.59509202453987
                },
                {
                    "x": 278.5155350978136,
                    "y": 287.1165644171779
                },
                {
                    "x": 212.96892980437286,
                    "y": 287.1165644171779
                }
            ]
        },
        {
            "id": "QtMGL7ORP",
            "type": "RECTANGLE",
            "tags": [
                "tomato"
            ],
            "boundingBox": {
                "height": 64.78527607361963,
                "width": 41.85270425776755,
                "left": 598.1472957422325,
                "top": 229.6932515337423
            },
            "points": [
                {
                    "x": 598.1472957422325,
                    "y": 229.6932515337423
                },
                {
                    "x": 640,
                    "y": 229.6932515337423
                },
                {
                    "x": 640,
                    "y": 294.47852760736197
                },
                {
                    "x": 598.1472957422325,
                    "y": 294.47852760736197
                }
            ]
        }
    ],
    "version": "2.2.0"
}