{
    "asset": {
        "format": "jpg",
        "id": "863812b51322e02e323ef90b2a70574c",
        "name": "WIN_20231102_17_11_57_Pro.jpg",
        "path": "file:D:/tomato%20KHM/WIN_20231102_17_11_57_Pro.jpg",
        "size": {
            "width": 640,
            "height": 480
        },
        "state": 2,
        "type": 1
    },
    "regions": [
        {
            "id": "-IhxEN30B",
            "type": "RECTANGLE",
            "tags": [
                "tomato"
            ],
            "boundingBox": {
                "height": 55.95092024539877,
                "width": 68.49252013808976,
                "left": 117.22669735327963,
                "top": 150.920245398773
            },
            "points": [
                {
                    "x": 117.22669735327963,
                    "y": 150.920245398773
                },
                {
                    "x": 185.7192174913694,
                    "y": 150.920245398773
                },
                {
                    "x": 185.7192174913694,
                    "y": 206.87116564417178
                },
                {
                    "x": 117.22669735327963,
                    "y": 206.87116564417178
                }
            ]
        }
    ],
    "version": "2.2.0"
}