{
    "asset": {
        "format": "jpg",
        "id": "8789e058b7362000c3ada4bbbff8c2fd",
        "name": "WIN_20231102_17_03_50_Pro.jpg",
        "path": "file:D:/tomato%20KHM/WIN_20231102_17_03_50_Pro.jpg",
        "size": {
            "width": 640,
            "height": 480
        },
        "state": 2,
        "type": 1
    },
    "regions": [
        {
            "id": "MYFv3aUOZ",
            "type": "RECTANGLE",
            "tags": [
                "tomato"
            ],
            "boundingBox": {
                "height": 81.71779141104294,
                "width": 81.0126582278481,
                "left": 172.4626006904488,
                "top": 382.82208588957053
            },
            "points": [
                {
                    "x": 172.4626006904488,
                    "y": 382.82208588957053
                },
                {
                    "x": 253.4752589182969,
                    "y": 382.82208588957053
                },
                {
                    "x": 253.4752589182969,
                    "y": 464.53987730061345
                },
                {
                    "x": 172.4626006904488,
                    "y": 464.53987730061345
                }
            ]
        },
        {
            "id": "RUWhi7vsl",
            "type": "RECTANGLE",
            "tags": [
                "tomato"
            ],
            "boundingBox": {
                "height": 67.73006134969324,
                "width": 64.07364787111622,
                "left": 547.3302646720368,
                "top": 404.17177914110425
            },
            "points": [
                {
                    "x": 547.3302646720368,
                    "y": 404.17177914110425
                },
                {
                    "x": 611.4039125431531,
                    "y": 404.17177914110425
                },
                {
                    "x": 611.4039125431531,
                    "y": 471.90184049079755
                },
                {
                    "x": 547.3302646720368,
                    "y": 471.90184049079755
                }
            ]
        },
        {
            "id": "oClGPx61l",
            "type": "RECTANGLE",
            "tags": [
                "tomato"
            ],
            "boundingBox": {
                "height": 76.56441717791411,
                "width": 64.20023014959725,
                "left": 0,
                "top": 357.0552147239264
            },
            "points": [
                {
                    "x": 0,
                    "y": 357.0552147239264
                },
                {
                    "x": 64.20023014959725,
                    "y": 357.0552147239264
                },
                {
                    "x": 64.20023014959725,
                    "y": 433.6196319018405
                },
                {
                    "x": 0,
                    "y": 433.6196319018405
                }
            ]
        }
    ],
    "version": "2.2.0"
}