{
    "asset": {
        "format": "jpg",
        "id": "87c9ffbce3a5ca2c6e9ac67e243527d0",
        "name": "WIN_20231102_17_07_46_Pro.jpg",
        "path": "file:D:/tomato%20KHM/WIN_20231102_17_07_46_Pro.jpg",
        "size": {
            "width": 640,
            "height": 480
        },
        "state": 2,
        "type": 1
    },
    "regions": [
        {
            "id": "6X56Gz-3k",
            "type": "RECTANGLE",
            "tags": [
                "tomato"
            ],
            "boundingBox": {
                "height": 81.71779141104294,
                "width": 91.32336018411968,
                "left": 306.5017261219793,
                "top": 167.1165644171779
            },
            "points": [
                {
                    "x": 306.5017261219793,
                    "y": 167.1165644171779
                },
                {
                    "x": 397.82508630609897,
                    "y": 167.1165644171779
                },
                {
                    "x": 397.82508630609897,
                    "y": 248.83435582822085
                },
                {
                    "x": 306.5017261219793,
                    "y": 248.83435582822085
                }
            ]
        },
        {
            "id": "V_l7psa7o",
            "type": "RECTANGLE",
            "tags": [
                "tomato"
            ],
            "boundingBox": {
                "height": 88.34355828220859,
                "width": 81.74913693901036,
                "left": 296.19102416570774,
                "top": 339.3865030674846
            },
            "points": [
                {
                    "x": 296.19102416570774,
                    "y": 339.3865030674846
                },
                {
                    "x": 377.9401611047181,
                    "y": 339.3865030674846
                },
                {
                    "x": 377.9401611047181,
                    "y": 427.73006134969324
                },
                {
                    "x": 296.19102416570774,
                    "y": 427.73006134969324
                }
            ]
        }
    ],
    "version": "2.2.0"
}