{
    "asset": {
        "format": "jpg",
        "id": "89ba56b9c1f6d51c2aa98843b1573c19",
        "name": "WIN_20231102_17_15_34_Pro.jpg",
        "path": "file:D:/tomato%20KHM/WIN_20231102_17_15_34_Pro.jpg",
        "size": {
            "width": 640,
            "height": 480
        },
        "state": 2,
        "type": 1
    },
    "regions": [
        {
            "id": "WA1rBiNDT",
            "type": "RECTANGLE",
            "tags": [
                "tomato"
            ],
            "boundingBox": {
                "height": 67.73006134969324,
                "width": 64.81012658227849,
                "left": 63.46375143843498,
                "top": 160.49079754601226
            },
            "points": [
                {
                    "x": 63.46375143843498,
                    "y": 160.49079754601226
                },
                {
                    "x": 128.27387802071348,
                    "y": 160.49079754601226
                },
                {
                    "x": 128.27387802071348,
                    "y": 228.2208588957055
                },
                {
                    "x": 63.46375143843498,
                    "y": 228.2208588957055
                }
            ]
        },
        {
            "id": "Nuha0Sn4a",
            "type": "RECTANGLE",
            "tags": [
                "tomato"
            ],
            "boundingBox": {
                "height": 46.38036809815951,
                "width": 52.28998849252014,
                "left": 293.98158803222094,
                "top": 176.68711656441718
            },
            "points": [
                {
                    "x": 293.98158803222094,
                    "y": 176.68711656441718
                },
                {
                    "x": 346.2715765247411,
                    "y": 176.68711656441718
                },
                {
                    "x": 346.2715765247411,
                    "y": 223.06748466257667
                },
                {
                    "x": 293.98158803222094,
                    "y": 223.06748466257667
                }
            ]
        },
        {
            "id": "CVeyDIjfV",
            "type": "RECTANGLE",
            "tags": [
                "tomato"
            ],
            "boundingBox": {
                "height": 42.69938650306748,
                "width": 65.54660529344073,
                "left": 288.0897583429229,
                "top": 223.80368098159508
            },
            "points": [
                {
                    "x": 288.0897583429229,
                    "y": 223.80368098159508
                },
                {
                    "x": 353.6363636363636,
                    "y": 223.80368098159508
                },
                {
                    "x": 353.6363636363636,
                    "y": 266.50306748466255
                },
                {
                    "x": 288.0897583429229,
                    "y": 266.50306748466255
                }
            ]
        },
        {
            "id": "hh8au5vx5",
            "type": "RECTANGLE",
            "tags": [
                "tomato"
            ],
            "boundingBox": {
                "height": 88.34355828220859,
                "width": 24.913693901035675,
                "left": 615.0863060989643,
                "top": 198.0368098159509
            },
            "points": [
                {
                    "x": 615.0863060989643,
                    "y": 198.0368098159509
                },
                {
                    "x": 640,
                    "y": 198.0368098159509
                },
                {
                    "x": 640,
                    "y": 286.3803680981595
                },
                {
                    "x": 615.0863060989643,
                    "y": 286.3803680981595
                }
            ]
        }
    ],
    "version": "2.2.0"
}