{
    "asset": {
        "format": "jpg",
        "id": "8bc9596b6ea1321fc7cbccaf3a1ff80b",
        "name": "WIN_20231102_17_11_39_Pro.jpg",
        "path": "file:D:/tomato%20KHM/WIN_20231102_17_11_39_Pro.jpg",
        "size": {
            "width": 640,
            "height": 480
        },
        "state": 2,
        "type": 1
    },
    "regions": [
        {
            "id": "YQP6W4R7z",
            "type": "RECTANGLE",
            "tags": [
                "tomato"
            ],
            "boundingBox": {
                "height": 69.20245398773005,
                "width": 71.43843498273878,
                "left": 87.76754890678941,
                "top": 182.57668711656441
            },
            "points": [
                {
                    "x": 87.76754890678941,
                    "y": 182.57668711656441
                },
                {
                    "x": 159.2059838895282,
                    "y": 182.57668711656441
                },
                {
                    "x": 159.2059838895282,
                    "y": 251.77914110429447
                },
                {
                    "x": 87.76754890678941,
                    "y": 251.77914110429447
                }
            ]
        },
        {
            "id": "dy-AtBcRM",
            "type": "RECTANGLE",
            "tags": [
                "tomato"
            ],
            "boundingBox": {
                "height": 73.61963190184049,
                "width": 71.43843498273878,
                "left": 326.3866513233602,
                "top": 239.2638036809816
            },
            "points": [
                {
                    "x": 326.3866513233602,
                    "y": 239.2638036809816
                },
                {
                    "x": 397.82508630609897,
                    "y": 239.2638036809816
                },
                {
                    "x": 397.82508630609897,
                    "y": 312.8834355828221
                },
                {
                    "x": 326.3866513233602,
                    "y": 312.8834355828221
                }
            ]
        },
        {
            "id": "008UE3v54",
            "type": "RECTANGLE",
            "tags": [
                "tomato"
            ],
            "boundingBox": {
                "height": 72.14723926380368,
                "width": 71.31185270425773,
                "left": 257.1576524741082,
                "top": 287.1165644171779
            },
            "points": [
                {
                    "x": 257.1576524741082,
                    "y": 287.1165644171779
                },
                {
                    "x": 328.469505178366,
                    "y": 287.1165644171779
                },
                {
                    "x": 328.469505178366,
                    "y": 359.2638036809816
                },
                {
                    "x": 257.1576524741082,
                    "y": 359.2638036809816
                }
            ]
        },
        {
            "id": "WH32s61Xx",
            "type": "RECTANGLE",
            "tags": [
                "tomato"
            ],
            "boundingBox": {
                "height": 55.214723926380366,
                "width": 50.81703107019563,
                "left": 332.27848101265823,
                "top": 323.19018404907973
            },
            "points": [
                {
                    "x": 332.27848101265823,
                    "y": 323.19018404907973
                },
                {
                    "x": 383.0955120828539,
                    "y": 323.19018404907973
                },
                {
                    "x": 383.0955120828539,
                    "y": 378.4049079754601
                },
                {
                    "x": 332.27848101265823,
                    "y": 378.4049079754601
                }
            ]
        }
    ],
    "version": "2.2.0"
}