{
    "asset": {
        "format": "jpg",
        "id": "8cf1a36bf12553b66c81f91960ea74bf",
        "name": "WIN_20231102_16_57_41_Pro.jpg",
        "path": "file:D:/tomato%20KHM/WIN_20231102_16_57_41_Pro.jpg",
        "size": {
            "width": 640,
            "height": 480
        },
        "state": 2,
        "type": 1
    },
    "regions": [
        {
            "id": "Gb-f23nCB",
            "type": "RECTANGLE",
            "tags": [
                "tomato"
            ],
            "boundingBox": {
                "height": 76.56441717791411,
                "width": 95.00575373993095,
                "left": 171.72612197928655,
                "top": 391.6564417177914
            },
            "points": [
                {
                    "x": 171.72612197928655,
                    "y": 391.6564417177914
                },
                {
                    "x": 266.7318757192175,
                    "y": 391.6564417177914
                },
                {
                    "x": 266.7318757192175,
                    "y": 468.2208588957055
                },
                {
                    "x": 171.72612197928655,
                    "y": 468.2208588957055
                }
            ]
        },
        {
            "id": "sVtjXbBU1",
            "type": "RECTANGLE",
            "tags": [
                "tomato"
            ],
            "boundingBox": {
                "height": 53.74233128834356,
                "width": 46.398158803222096,
                "left": 410.3452243958573,
                "top": 379.1411042944785
            },
            "points": [
                {
                    "x": 410.3452243958573,
                    "y": 379.1411042944785
                },
                {
                    "x": 456.7433831990794,
                    "y": 379.1411042944785
                },
                {
                    "x": 456.7433831990794,
                    "y": 432.8834355828221
                },
                {
                    "x": 410.3452243958573,
                    "y": 432.8834355828221
                }
            ]
        }
    ],
    "version": "2.2.0"
}