{
    "asset": {
        "format": "jpg",
        "id": "8de29879bdf6c1956c87c03a50659662",
        "name": "WIN_20231102_16_56_02_Pro.jpg",
        "path": "file:D:/tomato%20KHM/WIN_20231102_16_56_02_Pro.jpg",
        "size": {
            "width": 640,
            "height": 480
        },
        "state": 2,
        "type": 1
    },
    "regions": [
        {
            "id": "ZGlNx7xKk",
            "type": "RECTANGLE",
            "tags": [
                "tomato"
            ],
            "boundingBox": {
                "height": 55.95092024539877,
                "width": 80.27617951668584,
                "left": 307.9746835443038,
                "top": 359.2638036809816
            },
            "points": [
                {
                    "x": 307.9746835443038,
                    "y": 359.2638036809816
                },
                {
                    "x": 388.2508630609897,
                    "y": 359.2638036809816
                },
                {
                    "x": 388.2508630609897,
                    "y": 415.2147239263804
                },
                {
                    "x": 307.9746835443038,
                    "y": 415.2147239263804
                }
            ]
        },
        {
            "id": "E6UcR1f0V",
            "type": "RECTANGLE",
            "tags": [
                "tomato"
            ],
            "boundingBox": {
                "height": 50.79754601226993,
                "width": 56.708860759493675,
                "left": 1.5995397008055237,
                "top": 356.319018404908
            },
            "points": [
                {
                    "x": 1.5995397008055237,
                    "y": 356.319018404908
                },
                {
                    "x": 58.3084004602992,
                    "y": 356.319018404908
                },
                {
                    "x": 58.3084004602992,
                    "y": 407.11656441717787
                },
                {
                    "x": 1.5995397008055237,
                    "y": 407.11656441717787
                }
            ]
        }
    ],
    "version": "2.2.0"
}