{
    "asset": {
        "format": "jpg",
        "id": "8de6b77d9e585367efaabe69ba6861db",
        "name": "WIN_20231102_17_13_06_Pro.jpg",
        "path": "file:D:/tomato%20KHM/WIN_20231102_17_13_06_Pro.jpg",
        "size": {
            "width": 640,
            "height": 480
        },
        "state": 2,
        "type": 1
    },
    "regions": [
        {
            "id": "x3sR-A8uM",
            "type": "RECTANGLE",
            "tags": [
                "tomato"
            ],
            "boundingBox": {
                "height": 87.60736196319019,
                "width": 89.11392405063292,
                "left": 330.80552359033373,
                "top": 240.7361963190184
            },
            "points": [
                {
                    "x": 330.80552359033373,
                    "y": 240.7361963190184
                },
                {
                    "x": 419.91944764096667,
                    "y": 240.7361963190184
                },
                {
                    "x": 419.91944764096667,
                    "y": 328.34355828220856
                },
                {
                    "x": 330.80552359033373,
                    "y": 328.34355828220856
                }
            ]
        },
        {
            "id": "CAmrp37KX",
            "type": "RECTANGLE",
            "tags": [
                "tomato"
            ],
            "boundingBox": {
                "height": 64.78527607361963,
                "width": 75.12082853855006,
                "left": 553.2220943613349,
                "top": 177.42331288343559
            },
            "points": [
                {
                    "x": 553.2220943613349,
                    "y": 177.42331288343559
                },
                {
                    "x": 628.3429228998849,
                    "y": 177.42331288343559
                },
                {
                    "x": 628.3429228998849,
                    "y": 242.2085889570552
                },
                {
                    "x": 553.2220943613349,
                    "y": 242.2085889570552
                }
            ]
        }
    ],
    "version": "2.2.0"
}