{
    "asset": {
        "format": "jpg",
        "id": "9056b007581c4d9c406c5883b513d699",
        "name": "WIN_20231102_17_19_17_Pro.jpg",
        "path": "file:D:/tomato%20KHM/WIN_20231102_17_19_17_Pro.jpg",
        "size": {
            "width": 640,
            "height": 480
        },
        "state": 2,
        "type": 1
    },
    "regions": [
        {
            "id": "ek1-f-9Vm",
            "type": "RECTANGLE",
            "tags": [
                "tomato"
            ],
            "boundingBox": {
                "height": 61.104294478527606,
                "width": 67.01956271576525,
                "left": 148.15880322209438,
                "top": 97.91411042944785
            },
            "points": [
                {
                    "x": 148.15880322209438,
                    "y": 97.91411042944785
                },
                {
                    "x": 215.1783659378596,
                    "y": 97.91411042944785
                },
                {
                    "x": 215.1783659378596,
                    "y": 159.01840490797545
                },
                {
                    "x": 148.15880322209438,
                    "y": 159.01840490797545
                }
            ]
        },
        {
            "id": "qQc9tMGM5",
            "type": "RECTANGLE",
            "tags": [
                "tomato"
            ],
            "boundingBox": {
                "height": 50.79754601226993,
                "width": 56.708860759493675,
                "left": 100.28768699654776,
                "top": 234.84662576687114
            },
            "points": [
                {
                    "x": 100.28768699654776,
                    "y": 234.84662576687114
                },
                {
                    "x": 156.99654775604142,
                    "y": 234.84662576687114
                },
                {
                    "x": 156.99654775604142,
                    "y": 285.6441717791411
                },
                {
                    "x": 100.28768699654776,
                    "y": 285.6441717791411
                }
            ]
        },
        {
            "id": "Cb2HjnnlT",
            "type": "RECTANGLE",
            "tags": [
                "tomato"
            ],
            "boundingBox": {
                "height": 64.78527607361963,
                "width": 67.01956271576525,
                "left": 394.87917146144997,
                "top": 162.69938650306747
            },
            "points": [
                {
                    "x": 394.87917146144997,
                    "y": 162.69938650306747
                },
                {
                    "x": 461.8987341772152,
                    "y": 162.69938650306747
                },
                {
                    "x": 461.8987341772152,
                    "y": 227.4846625766871
                },
                {
                    "x": 394.87917146144997,
                    "y": 227.4846625766871
                }
            ]
        }
    ],
    "version": "2.2.0"
}