{
    "asset": {
        "format": "jpg",
        "id": "96a64e8e2dd7479269080458876eecd4",
        "name": "WIN_20231102_17_01_26_Pro.jpg",
        "path": "file:D:/tomato%20KHM/WIN_20231102_17_01_26_Pro.jpg",
        "size": {
            "width": 640,
            "height": 480
        },
        "state": 2,
        "type": 1
    },
    "regions": [
        {
            "id": "s6nS2ubUq",
            "type": "RECTANGLE",
            "tags": [
                "tomato"
            ],
            "boundingBox": {
                "height": 67.73006134969324,
                "width": 67.01956271576525,
                "left": 3.80897583429229,
                "top": 334.9693251533742
            },
            "points": [
                {
                    "x": 3.80897583429229,
                    "y": 334.9693251533742
                },
                {
                    "x": 70.82853855005754,
                    "y": 334.9693251533742
                },
                {
                    "x": 70.82853855005754,
                    "y": 402.69938650306744
                },
                {
                    "x": 3.80897583429229,
                    "y": 402.69938650306744
                }
            ]
        },
        {
            "id": "Om5OBAs4a",
            "type": "RECTANGLE",
            "tags": [
                "tomato"
            ],
            "boundingBox": {
                "height": 78.03680981595092,
                "width": 71.43843498273878,
                "left": 337.43383199079403,
                "top": 350.42944785276075
            },
            "points": [
                {
                    "x": 337.43383199079403,
                    "y": 350.42944785276075
                },
                {
                    "x": 408.8722669735328,
                    "y": 350.42944785276075
                },
                {
                    "x": 408.8722669735328,
                    "y": 428.46625766871165
                },
                {
                    "x": 337.43383199079403,
                    "y": 428.46625766871165
                }
            ]
        }
    ],
    "version": "2.2.0"
}