{
    "asset": {
        "format": "jpg",
        "id": "97e493a4198b00517f4bd362c7cc0659",
        "name": "WIN_20231102_17_10_36_Pro.jpg",
        "path": "file:D:/tomato%20KHM/WIN_20231102_17_10_36_Pro.jpg",
        "size": {
            "width": 640,
            "height": 480
        },
        "state": 2,
        "type": 1
    },
    "regions": [
        {
            "id": "PFll5JBiq",
            "type": "RECTANGLE",
            "tags": [
                "tomato"
            ],
            "boundingBox": {
                "height": 86.13496932515336,
                "width": 86.16800920598389,
                "left": 266.7318757192175,
                "top": 237.7914110429448
            },
            "points": [
                {
                    "x": 266.7318757192175,
                    "y": 237.7914110429448
                },
                {
                    "x": 352.8998849252014,
                    "y": 237.7914110429448
                },
                {
                    "x": 352.8998849252014,
                    "y": 323.92638036809814
                },
                {
                    "x": 266.7318757192175,
                    "y": 323.92638036809814
                }
            ]
        },
        {
            "id": "ScY8I-DsH",
            "type": "RECTANGLE",
            "tags": [
                "tomato"
            ],
            "boundingBox": {
                "height": 62.576687116564415,
                "width": 72.9113924050633,
                "left": 494.30379746835445,
                "top": 195.8282208588957
            },
            "points": [
                {
                    "x": 494.30379746835445,
                    "y": 195.8282208588957
                },
                {
                    "x": 567.2151898734178,
                    "y": 195.8282208588957
                },
                {
                    "x": 567.2151898734178,
                    "y": 258.4049079754601
                },
                {
                    "x": 494.30379746835445,
                    "y": 258.4049079754601
                }
            ]
        },
        {
            "id": "gchf8rQUR",
            "type": "RECTANGLE",
            "tags": [
                "tomato"
            ],
            "boundingBox": {
                "height": 72.88343558282209,
                "width": 33.01495972382048,
                "left": 606.9850402761796,
                "top": 172.26993865030673
            },
            "points": [
                {
                    "x": 606.9850402761796,
                    "y": 172.26993865030673
                },
                {
                    "x": 640,
                    "y": 172.26993865030673
                },
                {
                    "x": 640,
                    "y": 245.15337423312883
                },
                {
                    "x": 606.9850402761796,
                    "y": 245.15337423312883
                }
            ]
        }
    ],
    "version": "2.2.0"
}