{
    "asset": {
        "format": "jpg",
        "id": "9817264fc2019fc80e39a4513d5b8417",
        "name": "WIN_20231102_17_01_23_Pro.jpg",
        "path": "file:D:/tomato%20KHM/WIN_20231102_17_01_23_Pro.jpg",
        "size": {
            "width": 640,
            "height": 480
        },
        "state": 2,
        "type": 1
    },
    "regions": [
        {
            "id": "nYTrY2Odo",
            "type": "RECTANGLE",
            "tags": [
                "tomato"
            ],
            "boundingBox": {
                "height": 66.25766871165644,
                "width": 78.06674338319908,
                "left": 80.40276179516687,
                "top": 329.07975460122697
            },
            "points": [
                {
                    "x": 80.40276179516687,
                    "y": 329.07975460122697
                },
                {
                    "x": 158.46950517836595,
                    "y": 329.07975460122697
                },
                {
                    "x": 158.46950517836595,
                    "y": 395.3374233128834
                },
                {
                    "x": 80.40276179516687,
                    "y": 395.3374233128834
                }
            ]
        },
        {
            "id": "3rhOzqqTE",
            "type": "RECTANGLE",
            "tags": [
                "tomato"
            ],
            "boundingBox": {
                "height": 72.88343558282209,
                "width": 78.80322209436133,
                "left": 253.4752589182969,
                "top": 358.5276073619632
            },
            "points": [
                {
                    "x": 253.4752589182969,
                    "y": 358.5276073619632
                },
                {
                    "x": 332.27848101265823,
                    "y": 358.5276073619632
                },
                {
                    "x": 332.27848101265823,
                    "y": 431.41104294478527
                },
                {
                    "x": 253.4752589182969,
                    "y": 431.41104294478527
                }
            ]
        }
    ],
    "version": "2.2.0"
}