{
    "asset": {
        "format": "jpg",
        "id": "9865f5112aefd53f7463b9d5137d536a",
        "name": "WIN_20231103_10_09_02_Pro.jpg",
        "path": "file:D:/tomato%20KHM/WIN_20231103_10_09_02_Pro.jpg",
        "size": {
            "width": 640,
            "height": 480
        },
        "state": 2,
        "type": 1
    },
    "regions": [
        {
            "id": "cuk3veq0-",
            "type": "RECTANGLE",
            "tags": [
                "tomato"
            ],
            "boundingBox": {
                "height": 71.41104294478528,
                "width": 67.75604142692751,
                "left": 243.16455696202533,
                "top": 264.29447852760734
            },
            "points": [
                {
                    "x": 243.16455696202533,
                    "y": 264.29447852760734
                },
                {
                    "x": 310.92059838895284,
                    "y": 264.29447852760734
                },
                {
                    "x": 310.92059838895284,
                    "y": 335.7055214723926
                },
                {
                    "x": 243.16455696202533,
                    "y": 335.7055214723926
                }
            ]
        }
    ],
    "version": "2.2.0"
}