{
    "asset": {
        "format": "jpg",
        "id": "9a91fe7f3fac35f7f78f5e8f9091f4d6",
        "name": "WIN_20231103_09_43_59_Pro.jpg",
        "path": "file:D:/tomato%20KHM/WIN_20231103_09_43_59_Pro.jpg",
        "size": {
            "width": 640,
            "height": 480
        },
        "state": 2,
        "type": 1
    },
    "regions": [
        {
            "id": "OoOcqdGbS",
            "type": "RECTANGLE",
            "tags": [
                "tomato"
            ],
            "boundingBox": {
                "height": 65.52147239263803,
                "width": 64.07364787111622,
                "left": 28.849252013808975,
                "top": 284.9079754601227
            },
            "points": [
                {
                    "x": 28.849252013808975,
                    "y": 284.9079754601227
                },
                {
                    "x": 92.9228998849252,
                    "y": 284.9079754601227
                },
                {
                    "x": 92.9228998849252,
                    "y": 350.42944785276075
                },
                {
                    "x": 28.849252013808975,
                    "y": 350.42944785276075
                }
            ]
        },
        {
            "id": "y2S0CRwE1",
            "type": "RECTANGLE",
            "tags": [
                "tomato"
            ],
            "boundingBox": {
                "height": 51.533742331288344,
                "width": 36.087456846950516,
                "left": 10.437284234752589,
                "top": 308.46625766871165
            },
            "points": [
                {
                    "x": 10.437284234752589,
                    "y": 308.46625766871165
                },
                {
                    "x": 46.524741081703105,
                    "y": 308.46625766871165
                },
                {
                    "x": 46.524741081703105,
                    "y": 360
                },
                {
                    "x": 10.437284234752589,
                    "y": 360
                }
            ]
        }
    ],
    "version": "2.2.0"
}