{
    "asset": {
        "format": "jpg",
        "id": "9c088667c86dc8cfda6476bcb9e92c20",
        "name": "WIN_20231103_10_09_08_Pro.jpg",
        "path": "file:D:/tomato%20KHM/WIN_20231103_10_09_08_Pro.jpg",
        "size": {
            "width": 640,
            "height": 480
        },
        "state": 2,
        "type": 1
    },
    "regions": [
        {
            "id": "qdJuxIWHO",
            "type": "RECTANGLE",
            "tags": [
                "tomato"
            ],
            "boundingBox": {
                "height": 57.42331288343558,
                "width": 59.65477560414269,
                "left": 14.856156501726122,
                "top": 251.77914110429447
            },
            "points": [
                {
                    "x": 14.856156501726122,
                    "y": 251.77914110429447
                },
                {
                    "x": 74.51093210586882,
                    "y": 251.77914110429447
                },
                {
                    "x": 74.51093210586882,
                    "y": 309.20245398773005
                },
                {
                    "x": 14.856156501726122,
                    "y": 309.20245398773005
                }
            ]
        }
    ],
    "version": "2.2.0"
}