{
    "asset": {
        "format": "jpg",
        "id": "a2deb05567894b1c607ef2f5c1337108",
        "name": "WIN_20231103_09_52_09_Pro.jpg",
        "path": "file:D:/tomato%20KHM/WIN_20231103_09_52_09_Pro.jpg",
        "size": {
            "width": 640,
            "height": 480
        },
        "state": 2,
        "type": 1
    },
    "regions": [
        {
            "id": "MiaT-ea5r",
            "type": "RECTANGLE",
            "tags": [
                "tomato"
            ],
            "boundingBox": {
                "height": 61.84049079754601,
                "width": 61.127733026467205,
                "left": 45.0517836593786,
                "top": 341.59509202453984
            },
            "points": [
                {
                    "x": 45.0517836593786,
                    "y": 341.59509202453984
                },
                {
                    "x": 106.1795166858458,
                    "y": 341.59509202453984
                },
                {
                    "x": 106.1795166858458,
                    "y": 403.43558282208585
                },
                {
                    "x": 45.0517836593786,
                    "y": 403.43558282208585
                }
            ]
        },
        {
            "id": "83OzyBCS1",
            "type": "RECTANGLE",
            "tags": [
                "tomato"
            ],
            "boundingBox": {
                "height": 69.93865030674846,
                "width": 64.07364787111622,
                "left": 136.37514384349828,
                "top": 298.8957055214724
            },
            "points": [
                {
                    "x": 136.37514384349828,
                    "y": 298.8957055214724
                },
                {
                    "x": 200.44879171461452,
                    "y": 298.8957055214724
                },
                {
                    "x": 200.44879171461452,
                    "y": 368.83435582822085
                },
                {
                    "x": 136.37514384349828,
                    "y": 368.83435582822085
                }
            ]
        },
        {
            "id": "4LUl9-uFJ",
            "type": "RECTANGLE",
            "tags": [
                "tomato"
            ],
            "boundingBox": {
                "height": 57.42331288343558,
                "width": 48.607594936708864,
                "left": 167.30724971231302,
                "top": 378.4049079754601
            },
            "points": [
                {
                    "x": 167.30724971231302,
                    "y": 378.4049079754601
                },
                {
                    "x": 215.91484464902186,
                    "y": 378.4049079754601
                },
                {
                    "x": 215.91484464902186,
                    "y": 435.8282208588957
                },
                {
                    "x": 167.30724971231302,
                    "y": 435.8282208588957
                }
            ]
        }
    ],
    "version": "2.2.0"
}