{
    "asset": {
        "format": "jpg",
        "id": "a701f55fc5cafd13e80448e8e770486c",
        "name": "WIN_20231102_17_15_29_Pro.jpg",
        "path": "file:D:/tomato%20KHM/WIN_20231102_17_15_29_Pro.jpg",
        "size": {
            "width": 640,
            "height": 480
        },
        "state": 2,
        "type": 1
    },
    "regions": [
        {
            "id": "-QTkDrTEL",
            "type": "RECTANGLE",
            "tags": [
                "tomato"
            ],
            "boundingBox": {
                "height": 47.852760736196316,
                "width": 53.026467203682394,
                "left": 145.9493670886076,
                "top": 172.26993865030673
            },
            "points": [
                {
                    "x": 145.9493670886076,
                    "y": 172.26993865030673
                },
                {
                    "x": 198.97583429229,
                    "y": 172.26993865030673
                },
                {
                    "x": 198.97583429229,
                    "y": 220.12269938650306
                },
                {
                    "x": 145.9493670886076,
                    "y": 220.12269938650306
                }
            ]
        },
        {
            "id": "MFg8lb0Wi",
            "type": "RECTANGLE",
            "tags": [
                "tomato"
            ],
            "boundingBox": {
                "height": 30.920245398773005,
                "width": 55.97238204833142,
                "left": 154.0506329113924,
                "top": 225.2760736196319
            },
            "points": [
                {
                    "x": 154.0506329113924,
                    "y": 225.2760736196319
                },
                {
                    "x": 210.02301495972384,
                    "y": 225.2760736196319
                },
                {
                    "x": 210.02301495972384,
                    "y": 256.1963190184049
                },
                {
                    "x": 154.0506329113924,
                    "y": 256.1963190184049
                }
            ]
        },
        {
            "id": "g1INH2H3m",
            "type": "RECTANGLE",
            "tags": [
                "tomato"
            ],
            "boundingBox": {
                "height": 74.3558282208589,
                "width": 53.026467203682394,
                "left": 393.4062140391255,
                "top": 193.61963190184048
            },
            "points": [
                {
                    "x": 393.4062140391255,
                    "y": 193.61963190184048
                },
                {
                    "x": 446.43268124280786,
                    "y": 193.61963190184048
                },
                {
                    "x": 446.43268124280786,
                    "y": 267.97546012269936
                },
                {
                    "x": 393.4062140391255,
                    "y": 267.97546012269936
                }
            ]
        }
    ],
    "version": "2.2.0"
}