{
    "asset": {
        "format": "jpg",
        "id": "a7b265c64fead74ff115043d67052f7f",
        "name": "WIN_20231102_17_19_12_Pro.jpg",
        "path": "file:D:/tomato%20KHM/WIN_20231102_17_19_12_Pro.jpg",
        "size": {
            "width": 640,
            "height": 480
        },
        "state": 2,
        "type": 1
    },
    "regions": [
        {
            "id": "t03qMdENY",
            "type": "RECTANGLE",
            "tags": [
                "tomato"
            ],
            "boundingBox": {
                "height": 74.3558282208589,
                "width": 68.49252013808976,
                "left": 307.23820483314154,
                "top": 86.13496932515336
            },
            "points": [
                {
                    "x": 307.23820483314154,
                    "y": 86.13496932515336
                },
                {
                    "x": 375.7307249712313,
                    "y": 86.13496932515336
                },
                {
                    "x": 375.7307249712313,
                    "y": 160.49079754601226
                },
                {
                    "x": 307.23820483314154,
                    "y": 160.49079754601226
                }
            ]
        },
        {
            "id": "y248e9_yl",
            "type": "RECTANGLE",
            "tags": [
                "tomato"
            ],
            "boundingBox": {
                "height": 56.687116564417174,
                "width": 62.60069044879172,
                "left": 248.3199079401611,
                "top": 239.2638036809816
            },
            "points": [
                {
                    "x": 248.3199079401611,
                    "y": 239.2638036809816
                },
                {
                    "x": 310.92059838895284,
                    "y": 239.2638036809816
                },
                {
                    "x": 310.92059838895284,
                    "y": 295.9509202453988
                },
                {
                    "x": 248.3199079401611,
                    "y": 295.9509202453988
                }
            ]
        },
        {
            "id": "eNY5oWPaq",
            "type": "RECTANGLE",
            "tags": [
                "tomato"
            ],
            "boundingBox": {
                "height": 60.3680981595092,
                "width": 61.127733026467205,
                "left": 14.119677790563866,
                "top": 90.5521472392638
            },
            "points": [
                {
                    "x": 14.119677790563866,
                    "y": 90.5521472392638
                },
                {
                    "x": 75.24741081703107,
                    "y": 90.5521472392638
                },
                {
                    "x": 75.24741081703107,
                    "y": 150.920245398773
                },
                {
                    "x": 14.119677790563866,
                    "y": 150.920245398773
                }
            ]
        },
        {
            "id": "I3UDP3yPQ",
            "type": "RECTANGLE",
            "tags": [
                "tomato"
            ],
            "boundingBox": {
                "height": 80.24539877300613,
                "width": 49.95397008055236,
                "left": 590.0460299194476,
                "top": 168.5889570552147
            },
            "points": [
                {
                    "x": 590.0460299194476,
                    "y": 168.5889570552147
                },
                {
                    "x": 640,
                    "y": 168.5889570552147
                },
                {
                    "x": 640,
                    "y": 248.83435582822085
                },
                {
                    "x": 590.0460299194476,
                    "y": 248.83435582822085
                }
            ]
        }
    ],
    "version": "2.2.0"
}