{
    "asset": {
        "format": "jpg",
        "id": "a7fd858fbcf7ba307f645436273a8b30",
        "name": "WIN_20231103_09_52_59_Pro.jpg",
        "path": "file:D:/tomato%20KHM/WIN_20231103_09_52_59_Pro.jpg",
        "size": {
            "width": 640,
            "height": 480
        },
        "state": 2,
        "type": 1
    },
    "regions": [
        {
            "id": "G_ni2p-DA",
            "type": "RECTANGLE",
            "tags": [
                "tomato"
            ],
            "boundingBox": {
                "height": 50.06134969325153,
                "width": 45.66168009205984,
                "left": 1.5995397008055237,
                "top": 140.61349693251532
            },
            "points": [
                {
                    "x": 1.5995397008055237,
                    "y": 140.61349693251532
                },
                {
                    "x": 47.26121979286536,
                    "y": 140.61349693251532
                },
                {
                    "x": 47.26121979286536,
                    "y": 190.67484662576686
                },
                {
                    "x": 1.5995397008055237,
                    "y": 190.67484662576686
                }
            ]
        },
        {
            "id": "uLS_1NH5V",
            "type": "RECTANGLE",
            "tags": [
                "tomato"
            ],
            "boundingBox": {
                "height": 52.26993865030675,
                "width": 57.44533947065593,
                "left": 313.86651323360184,
                "top": 166.3803680981595
            },
            "points": [
                {
                    "x": 313.86651323360184,
                    "y": 166.3803680981595
                },
                {
                    "x": 371.3118527042578,
                    "y": 166.3803680981595
                },
                {
                    "x": 371.3118527042578,
                    "y": 218.65030674846625
                },
                {
                    "x": 313.86651323360184,
                    "y": 218.65030674846625
                }
            ]
        }
    ],
    "version": "2.2.0"
}