{
    "asset": {
        "format": "jpg",
        "id": "a89009b7eb11e481daf66481365c0fee",
        "name": "WIN_20231102_16_55_07_Pro.jpg",
        "path": "file:D:/tomato%20KHM/WIN_20231102_16_55_07_Pro.jpg",
        "size": {
            "width": 640,
            "height": 480
        },
        "state": 2,
        "type": 1
    },
    "regions": [
        {
            "id": "Xg7Lzf27y",
            "type": "RECTANGLE",
            "tags": [
                "tomato"
            ],
            "boundingBox": {
                "height": 96.44171779141104,
                "width": 99.42462600690449,
                "left": 237.27272727272728,
                "top": 57.42331288343558
            },
            "points": [
                {
                    "x": 237.27272727272728,
                    "y": 57.42331288343558
                },
                {
                    "x": 336.6973532796318,
                    "y": 57.42331288343558
                },
                {
                    "x": 336.6973532796318,
                    "y": 153.86503067484662
                },
                {
                    "x": 237.27272727272728,
                    "y": 153.86503067484662
                }
            ]
        },
        {
            "id": "L6nQnGeIA",
            "type": "RECTANGLE",
            "tags": [
                "tomato"
            ],
            "boundingBox": {
                "height": 54.47852760736196,
                "width": 75.12082853855006,
                "left": 183.50978135788264,
                "top": 317.3006134969325
            },
            "points": [
                {
                    "x": 183.50978135788264,
                    "y": 317.3006134969325
                },
                {
                    "x": 258.6306098964327,
                    "y": 317.3006134969325
                },
                {
                    "x": 258.6306098964327,
                    "y": 371.77914110429447
                },
                {
                    "x": 183.50978135788264,
                    "y": 371.77914110429447
                }
            ]
        },
        {
            "id": "qZ999Uc3z",
            "type": "RECTANGLE",
            "tags": [
                "tomato"
            ],
            "boundingBox": {
                "height": 65.52147239263803,
                "width": 57.57192174913694,
                "left": 0,
                "top": 149.4478527607362
            },
            "points": [
                {
                    "x": 0,
                    "y": 149.4478527607362
                },
                {
                    "x": 57.57192174913694,
                    "y": 149.4478527607362
                },
                {
                    "x": 57.57192174913694,
                    "y": 214.96932515337423
                },
                {
                    "x": 0,
                    "y": 214.96932515337423
                }
            ]
        }
    ],
    "version": "2.2.0"
}