{
    "asset": {
        "format": "jpg",
        "id": "ab53edb285c8d490b3dda92e7cd58534",
        "name": "WIN_20231102_17_10_41_Pro.jpg",
        "path": "file:D:/tomato%20KHM/WIN_20231102_17_10_41_Pro.jpg",
        "size": {
            "width": 640,
            "height": 480
        },
        "state": 2,
        "type": 1
    },
    "regions": [
        {
            "id": "8kWrd0Y1y",
            "type": "RECTANGLE",
            "tags": [
                "tomato"
            ],
            "boundingBox": {
                "height": 74.3558282208589,
                "width": 69.22899884925202,
                "left": 1.5995397008055237,
                "top": 231.90184049079753
            },
            "points": [
                {
                    "x": 1.5995397008055237,
                    "y": 231.90184049079753
                },
                {
                    "x": 70.82853855005754,
                    "y": 231.90184049079753
                },
                {
                    "x": 70.82853855005754,
                    "y": 306.25766871165644
                },
                {
                    "x": 1.5995397008055237,
                    "y": 306.25766871165644
                }
            ]
        },
        {
            "id": "kiJRIp54u",
            "type": "RECTANGLE",
            "tags": [
                "tomato"
            ],
            "boundingBox": {
                "height": 65.52147239263803,
                "width": 86.16800920598389,
                "left": 201.18527042577676,
                "top": 191.41104294478527
            },
            "points": [
                {
                    "x": 201.18527042577676,
                    "y": 191.41104294478527
                },
                {
                    "x": 287.35327963176064,
                    "y": 191.41104294478527
                },
                {
                    "x": 287.35327963176064,
                    "y": 256.9325153374233
                },
                {
                    "x": 201.18527042577676,
                    "y": 256.9325153374233
                }
            ]
        },
        {
            "id": "IfVaCse0f",
            "type": "RECTANGLE",
            "tags": [
                "tomato"
            ],
            "boundingBox": {
                "height": 68.46625766871165,
                "width": 83.22209436133487,
                "left": 310.92059838895284,
                "top": 167.1165644171779
            },
            "points": [
                {
                    "x": 310.92059838895284,
                    "y": 167.1165644171779
                },
                {
                    "x": 394.1426927502877,
                    "y": 167.1165644171779
                },
                {
                    "x": 394.1426927502877,
                    "y": 235.58282208588957
                },
                {
                    "x": 310.92059838895284,
                    "y": 235.58282208588957
                }
            ]
        }
    ],
    "version": "2.2.0"
}