{
    "asset": {
        "format": "jpg",
        "id": "ab856a029f73707f4dee636ea8d2e050",
        "name": "WIN_20231103_09_41_21_Pro.jpg",
        "path": "file:D:/tomato%20KHM/WIN_20231103_09_41_21_Pro.jpg",
        "size": {
            "width": 640,
            "height": 480
        },
        "state": 2,
        "type": 1
    },
    "regions": [
        {
            "id": "KIxll2-tI",
            "type": "RECTANGLE",
            "tags": [
                "tomato"
            ],
            "boundingBox": {
                "height": 55.214723926380366,
                "width": 49.34407364787112,
                "left": 9.700805523590335,
                "top": 214.96932515337423
            },
            "points": [
                {
                    "x": 9.700805523590335,
                    "y": 214.96932515337423
                },
                {
                    "x": 59.04487917146145,
                    "y": 214.96932515337423
                },
                {
                    "x": 59.04487917146145,
                    "y": 270.1840490797546
                },
                {
                    "x": 9.700805523590335,
                    "y": 270.1840490797546
                }
            ]
        },
        {
            "id": "L6JcPLVzK",
            "type": "RECTANGLE",
            "tags": [
                "tomato"
            ],
            "boundingBox": {
                "height": 63.31288343558282,
                "width": 67.01956271576525,
                "left": 276.30609896432685,
                "top": 248.83435582822085
            },
            "points": [
                {
                    "x": 276.30609896432685,
                    "y": 248.83435582822085
                },
                {
                    "x": 343.3256616800921,
                    "y": 248.83435582822085
                },
                {
                    "x": 343.3256616800921,
                    "y": 312.14723926380367
                },
                {
                    "x": 276.30609896432685,
                    "y": 312.14723926380367
                }
            ]
        },
        {
            "id": "bOwnGPP4c",
            "type": "RECTANGLE",
            "tags": [
                "tomato"
            ],
            "boundingBox": {
                "height": 32.392638036809814,
                "width": 50.080552359033376,
                "left": 551.7491369390103,
                "top": 249.57055214723925
            },
            "points": [
                {
                    "x": 551.7491369390103,
                    "y": 249.57055214723925
                },
                {
                    "x": 601.8296892980437,
                    "y": 249.57055214723925
                },
                {
                    "x": 601.8296892980437,
                    "y": 281.96319018404904
                },
                {
                    "x": 551.7491369390103,
                    "y": 281.96319018404904
                }
            ]
        }
    ],
    "version": "2.2.0"
}