{
    "asset": {
        "format": "jpg",
        "id": "b091918a0b2dd40767b81f1d94b2d9d4",
        "name": "WIN_20231102_17_13_56_Pro.jpg",
        "path": "file:D:/tomato%20KHM/WIN_20231102_17_13_56_Pro.jpg",
        "size": {
            "width": 640,
            "height": 480
        },
        "state": 2,
        "type": 1
    },
    "regions": [
        {
            "id": "y-6YlqMfo",
            "type": "RECTANGLE",
            "tags": [
                "tomato"
            ],
            "boundingBox": {
                "height": 69.93865030674846,
                "width": 72.04833141542001,
                "left": 154.78711162255468,
                "top": 334.2331288343558
            },
            "points": [
                {
                    "x": 154.78711162255468,
                    "y": 334.2331288343558
                },
                {
                    "x": 226.8354430379747,
                    "y": 334.2331288343558
                },
                {
                    "x": 226.8354430379747,
                    "y": 404.17177914110425
                },
                {
                    "x": 154.78711162255468,
                    "y": 404.17177914110425
                }
            ]
        },
        {
            "id": "y4rZrQTS8",
            "type": "RECTANGLE",
            "tags": [
                "tomato"
            ],
            "boundingBox": {
                "height": 52.26993865030675,
                "width": 67.01956271576525,
                "left": 201.921749136939,
                "top": 378.4049079754601
            },
            "points": [
                {
                    "x": 201.921749136939,
                    "y": 378.4049079754601
                },
                {
                    "x": 268.94131185270425,
                    "y": 378.4049079754601
                },
                {
                    "x": 268.94131185270425,
                    "y": 430.67484662576686
                },
                {
                    "x": 201.921749136939,
                    "y": 430.67484662576686
                }
            ]
        },
        {
            "id": "wkrB3x-3M",
            "type": "RECTANGLE",
            "tags": [
                "tomato"
            ],
            "boundingBox": {
                "height": 37.54601226993865,
                "width": 11.047180667433832,
                "left": 437.59493670886076,
                "top": 306.99386503067484
            },
            "points": [
                {
                    "x": 437.59493670886076,
                    "y": 306.99386503067484
                },
                {
                    "x": 448.6421173762946,
                    "y": 306.99386503067484
                },
                {
                    "x": 448.6421173762946,
                    "y": 344.53987730061345
                },
                {
                    "x": 437.59493670886076,
                    "y": 344.53987730061345
                }
            ]
        },
        {
            "id": "AZozhnTgP",
            "type": "RECTANGLE",
            "tags": [
                "tomato"
            ],
            "boundingBox": {
                "height": 52.26993865030675,
                "width": 27.12313003452244,
                "left": 612.8768699654776,
                "top": 195.0920245398773
            },
            "points": [
                {
                    "x": 612.8768699654776,
                    "y": 195.0920245398773
                },
                {
                    "x": 640,
                    "y": 195.0920245398773
                },
                {
                    "x": 640,
                    "y": 247.36196319018404
                },
                {
                    "x": 612.8768699654776,
                    "y": 247.36196319018404
                }
            ]
        }
    ],
    "version": "2.2.0"
}