{
    "asset": {
        "format": "jpg",
        "id": "b0e678a9d0fcb9bb5cb52a42e19bab3f",
        "name": "WIN_20231102_17_05_28_Pro.jpg",
        "path": "file:D:/tomato%20KHM/WIN_20231102_17_05_28_Pro.jpg",
        "size": {
            "width": 640,
            "height": 480
        },
        "state": 2,
        "type": 1
    },
    "regions": [
        {
            "id": "E9ZIofpYn",
            "type": "RECTANGLE",
            "tags": [
                "tomato"
            ],
            "boundingBox": {
                "height": 90.5521472392638,
                "width": 74.38434982738781,
                "left": 272.62370540851555,
                "top": 335.7055214723926
            },
            "points": [
                {
                    "x": 272.62370540851555,
                    "y": 335.7055214723926
                },
                {
                    "x": 347.0080552359033,
                    "y": 335.7055214723926
                },
                {
                    "x": 347.0080552359033,
                    "y": 426.25766871165644
                },
                {
                    "x": 272.62370540851555,
                    "y": 426.25766871165644
                }
            ]
        },
        {
            "id": "ytw6VZcQS",
            "type": "RECTANGLE",
            "tags": [
                "tomato"
            ],
            "boundingBox": {
                "height": 91.28834355828221,
                "width": 48.48101265822785,
                "left": 591.5189873417722,
                "top": 310.67484662576686
            },
            "points": [
                {
                    "x": 591.5189873417722,
                    "y": 310.67484662576686
                },
                {
                    "x": 640,
                    "y": 310.67484662576686
                },
                {
                    "x": 640,
                    "y": 401.96319018404904
                },
                {
                    "x": 591.5189873417722,
                    "y": 401.96319018404904
                }
            ]
        }
    ],
    "version": "2.2.0"
}