{
    "asset": {
        "format": "jpg",
        "id": "b1ebaf1ad5de28970bd575e06928ed8f",
        "name": "WIN_20231103_09_41_24_Pro.jpg",
        "path": "file:D:/tomato%20KHM/WIN_20231103_09_41_24_Pro.jpg",
        "size": {
            "width": 640,
            "height": 480
        },
        "state": 2,
        "type": 1
    },
    "regions": [
        {
            "id": "5xuHIxHSV",
            "type": "RECTANGLE",
            "tags": [
                "tomato"
            ],
            "boundingBox": {
                "height": 58.15950920245398,
                "width": 78.80322209436133,
                "left": 265.258918296893,
                "top": 232.63803680981593
            },
            "points": [
                {
                    "x": 265.258918296893,
                    "y": 232.63803680981593
                },
                {
                    "x": 344.06214039125433,
                    "y": 232.63803680981593
                },
                {
                    "x": 344.06214039125433,
                    "y": 290.79754601226995
                },
                {
                    "x": 265.258918296893,
                    "y": 290.79754601226995
                }
            ]
        },
        {
            "id": "ypT6HMDLy",
            "type": "RECTANGLE",
            "tags": [
                "tomato"
            ],
            "boundingBox": {
                "height": 44.9079754601227,
                "width": 67.75604142692751,
                "left": 72.30149597238206,
                "top": 236.31901840490798
            },
            "points": [
                {
                    "x": 72.30149597238206,
                    "y": 236.31901840490798
                },
                {
                    "x": 140.05753739930955,
                    "y": 236.31901840490798
                },
                {
                    "x": 140.05753739930955,
                    "y": 281.22699386503064
                },
                {
                    "x": 72.30149597238206,
                    "y": 281.22699386503064
                }
            ]
        }
    ],
    "version": "2.2.0"
}