{
    "asset": {
        "format": "jpg",
        "id": "b44bf62d174cda2643d9a26b28ec8f8c",
        "name": "WIN_20231102_17_05_18_Pro.jpg",
        "path": "file:D:/tomato%20KHM/WIN_20231102_17_05_18_Pro.jpg",
        "size": {
            "width": 640,
            "height": 480
        },
        "state": 2,
        "type": 1
    },
    "regions": [
        {
            "id": "TDPR8QsYm",
            "type": "RECTANGLE",
            "tags": [
                "tomato"
            ],
            "boundingBox": {
                "height": 66.25766871165644,
                "width": 59.65477560414269,
                "left": 47.26121979286536,
                "top": 298.159509202454
            },
            "points": [
                {
                    "x": 47.26121979286536,
                    "y": 298.159509202454
                },
                {
                    "x": 106.91599539700806,
                    "y": 298.159509202454
                },
                {
                    "x": 106.91599539700806,
                    "y": 364.4171779141104
                },
                {
                    "x": 47.26121979286536,
                    "y": 364.4171779141104
                }
            ]
        },
        {
            "id": "xIIbWyd9e",
            "type": "RECTANGLE",
            "tags": [
                "tomato"
            ],
            "boundingBox": {
                "height": 83.92638036809815,
                "width": 51.6800920598389,
                "left": 0,
                "top": 290.79754601226995
            },
            "points": [
                {
                    "x": 0,
                    "y": 290.79754601226995
                },
                {
                    "x": 51.6800920598389,
                    "y": 290.79754601226995
                },
                {
                    "x": 51.6800920598389,
                    "y": 374.7239263803681
                },
                {
                    "x": 0,
                    "y": 374.7239263803681
                }
            ]
        }
    ],
    "version": "2.2.0"
}