{
    "asset": {
        "format": "jpg",
        "id": "b4a3b576ed791879298e4e14215b00e7",
        "name": "WIN_20231102_17_19_03_Pro.jpg",
        "path": "file:D:/tomato%20KHM/WIN_20231102_17_19_03_Pro.jpg",
        "size": {
            "width": 640,
            "height": 480
        },
        "state": 2,
        "type": 1
    },
    "regions": [
        {
            "id": "l_ZMmsl16",
            "type": "RECTANGLE",
            "tags": [
                "tomato"
            ],
            "boundingBox": {
                "height": 76.56441717791411,
                "width": 73.64787111622555,
                "left": 109.86191024165709,
                "top": 371.04294478527606
            },
            "points": [
                {
                    "x": 109.86191024165709,
                    "y": 371.04294478527606
                },
                {
                    "x": 183.50978135788264,
                    "y": 371.04294478527606
                },
                {
                    "x": 183.50978135788264,
                    "y": 447.60736196319016
                },
                {
                    "x": 109.86191024165709,
                    "y": 447.60736196319016
                }
            ]
        }
    ],
    "version": "2.2.0"
}