{
    "asset": {
        "format": "jpg",
        "id": "ba5ca16383f9da331a0021655b4d44a1",
        "name": "WIN_20231103_09_37_08_Pro.jpg",
        "path": "file:D:/tomato%20KHM/WIN_20231103_09_37_08_Pro.jpg",
        "size": {
            "width": 640,
            "height": 480
        },
        "state": 2,
        "type": 1
    },
    "regions": [
        {
            "id": "1sW3XkbjL",
            "type": "RECTANGLE",
            "tags": [
                "tomato"
            ],
            "boundingBox": {
                "height": 53.00613496932515,
                "width": 50.080552359033376,
                "left": 17.065592635212887,
                "top": 178.8957055214724
            },
            "points": [
                {
                    "x": 17.065592635212887,
                    "y": 178.8957055214724
                },
                {
                    "x": 67.14614499424626,
                    "y": 178.8957055214724
                },
                {
                    "x": 67.14614499424626,
                    "y": 231.90184049079753
                },
                {
                    "x": 17.065592635212887,
                    "y": 231.90184049079753
                }
            ]
        },
        {
            "id": "SShjyAhl1",
            "type": "RECTANGLE",
            "tags": [
                "tomato"
            ],
            "boundingBox": {
                "height": 59.6319018404908,
                "width": 65.54660529344073,
                "left": 327.8596087456847,
                "top": 259.8773006134969
            },
            "points": [
                {
                    "x": 327.8596087456847,
                    "y": 259.8773006134969
                },
                {
                    "x": 393.4062140391255,
                    "y": 259.8773006134969
                },
                {
                    "x": 393.4062140391255,
                    "y": 319.5092024539877
                },
                {
                    "x": 327.8596087456847,
                    "y": 319.5092024539877
                }
            ]
        }
    ],
    "version": "2.2.0"
}