{
    "asset": {
        "format": "jpg",
        "id": "bad4b00b6b57e820aa57a10c8e0b706e",
        "name": "WIN_20231103_09_49_22_Pro.jpg",
        "path": "file:D:/tomato%20KHM/WIN_20231103_09_49_22_Pro.jpg",
        "size": {
            "width": 640,
            "height": 480
        },
        "state": 2,
        "type": 1
    },
    "regions": [
        {
            "id": "1m57Qn-94",
            "type": "RECTANGLE",
            "tags": [
                "tomato"
            ],
            "boundingBox": {
                "height": 51.533742331288344,
                "width": 35.35097813578827,
                "left": 0.8630609896432682,
                "top": 211.2883435582822
            },
            "points": [
                {
                    "x": 0.8630609896432682,
                    "y": 211.2883435582822
                },
                {
                    "x": 36.21403912543153,
                    "y": 211.2883435582822
                },
                {
                    "x": 36.21403912543153,
                    "y": 262.82208588957053
                },
                {
                    "x": 0.8630609896432682,
                    "y": 262.82208588957053
                }
            ]
        },
        {
            "id": "aOsQcoEVG",
            "type": "RECTANGLE",
            "tags": [
                "tomato"
            ],
            "boundingBox": {
                "height": 60.3680981595092,
                "width": 63.33716915995397,
                "left": 298.4004602991945,
                "top": 209.8159509202454
            },
            "points": [
                {
                    "x": 298.4004602991945,
                    "y": 209.8159509202454
                },
                {
                    "x": 361.7376294591485,
                    "y": 209.8159509202454
                },
                {
                    "x": 361.7376294591485,
                    "y": 270.1840490797546
                },
                {
                    "x": 298.4004602991945,
                    "y": 270.1840490797546
                }
            ]
        },
        {
            "id": "MGAb2oRZ1",
            "type": "RECTANGLE",
            "tags": [
                "tomato"
            ],
            "boundingBox": {
                "height": 54.47852760736196,
                "width": 55.23590333716916,
                "left": 404.45339470655927,
                "top": 160.49079754601226
            },
            "points": [
                {
                    "x": 404.45339470655927,
                    "y": 160.49079754601226
                },
                {
                    "x": 459.68929804372846,
                    "y": 160.49079754601226
                },
                {
                    "x": 459.68929804372846,
                    "y": 214.96932515337423
                },
                {
                    "x": 404.45339470655927,
                    "y": 214.96932515337423
                }
            ]
        }
    ],
    "version": "2.2.0"
}