{
    "asset": {
        "format": "jpg",
        "id": "bb2c08c2fa8c1d87bce39138477cb709",
        "name": "WIN_20231103_09_38_21_Pro.jpg",
        "path": "file:D:/tomato%20KHM/WIN_20231103_09_38_21_Pro.jpg",
        "size": {
            "width": 640,
            "height": 480
        },
        "state": 2,
        "type": 1
    },
    "regions": [
        {
            "id": "Rtp1Qr4Wm",
            "type": "RECTANGLE",
            "tags": [
                "tomato"
            ],
            "boundingBox": {
                "height": 70.67484662576686,
                "width": 72.17491369390103,
                "left": 264.52243958573075,
                "top": 290.79754601226995
            },
            "points": [
                {
                    "x": 264.52243958573075,
                    "y": 290.79754601226995
                },
                {
                    "x": 336.6973532796318,
                    "y": 290.79754601226995
                },
                {
                    "x": 336.6973532796318,
                    "y": 361.4723926380368
                },
                {
                    "x": 264.52243958573075,
                    "y": 361.4723926380368
                }
            ]
        }
    ],
    "version": "2.2.0"
}