{
    "asset": {
        "format": "jpg",
        "id": "bd072bfda601498fa8f436b2fe3a4755",
        "name": "WIN_20231102_17_18_30_Pro.jpg",
        "path": "file:D:/tomato%20KHM/WIN_20231102_17_18_30_Pro.jpg",
        "size": {
            "width": 640,
            "height": 480
        },
        "state": 2,
        "type": 1
    },
    "regions": [
        {
            "id": "nrSLYS_NW",
            "type": "RECTANGLE",
            "tags": [
                "tomato"
            ],
            "boundingBox": {
                "height": 72.88343558282209,
                "width": 69.96547756041427,
                "left": 288.0897583429229,
                "top": 267.97546012269936
            },
            "points": [
                {
                    "x": 288.0897583429229,
                    "y": 267.97546012269936
                },
                {
                    "x": 358.0552359033372,
                    "y": 267.97546012269936
                },
                {
                    "x": 358.0552359033372,
                    "y": 340.85889570552143
                },
                {
                    "x": 288.0897583429229,
                    "y": 340.85889570552143
                }
            ]
        }
    ],
    "version": "2.2.0"
}