{
    "asset": {
        "format": "jpg",
        "id": "be2f2a5498be3ffd54d23367dd14dc8f",
        "name": "WIN_20231102_17_11_01_Pro.jpg",
        "path": "file:D:/tomato%20KHM/WIN_20231102_17_11_01_Pro.jpg",
        "size": {
            "width": 640,
            "height": 480
        },
        "state": 2,
        "type": 1
    },
    "regions": [
        {
            "id": "qEsbI6kkQ",
            "type": "RECTANGLE",
            "tags": [
                "tomato"
            ],
            "boundingBox": {
                "height": 61.84049079754601,
                "width": 71.43843498273878,
                "left": 19.275028768699656,
                "top": 227.4846625766871
            },
            "points": [
                {
                    "x": 19.275028768699656,
                    "y": 227.4846625766871
                },
                {
                    "x": 90.71346375143844,
                    "y": 227.4846625766871
                },
                {
                    "x": 90.71346375143844,
                    "y": 289.32515337423314
                },
                {
                    "x": 19.275028768699656,
                    "y": 289.32515337423314
                }
            ]
        },
        {
            "id": "7ZY4uHEzE",
            "type": "RECTANGLE",
            "tags": [
                "tomato"
            ],
            "boundingBox": {
                "height": 78.77300613496932,
                "width": 70.70195627157653,
                "left": 355.1093210586882,
                "top": 256.1963190184049
            },
            "points": [
                {
                    "x": 355.1093210586882,
                    "y": 256.1963190184049
                },
                {
                    "x": 425.8112773302647,
                    "y": 256.1963190184049
                },
                {
                    "x": 425.8112773302647,
                    "y": 334.9693251533742
                },
                {
                    "x": 355.1093210586882,
                    "y": 334.9693251533742
                }
            ]
        },
        {
            "id": "FagEd-9iy",
            "type": "RECTANGLE",
            "tags": [
                "tomato"
            ],
            "boundingBox": {
                "height": 73.61963190184049,
                "width": 80.27617951668584,
                "left": 300.60989643268124,
                "top": 350.42944785276075
            },
            "points": [
                {
                    "x": 300.60989643268124,
                    "y": 350.42944785276075
                },
                {
                    "x": 380.8860759493671,
                    "y": 350.42944785276075
                },
                {
                    "x": 380.8860759493671,
                    "y": 424.0490797546012
                },
                {
                    "x": 300.60989643268124,
                    "y": 424.0490797546012
                }
            ]
        },
        {
            "id": "9fIg7AaWv",
            "type": "RECTANGLE",
            "tags": [
                "tomato"
            ],
            "boundingBox": {
                "height": 72.88343558282209,
                "width": 64.81012658227849,
                "left": 386.7779056386652,
                "top": 387.97546012269936
            },
            "points": [
                {
                    "x": 386.7779056386652,
                    "y": 387.97546012269936
                },
                {
                    "x": 451.5880322209436,
                    "y": 387.97546012269936
                },
                {
                    "x": 451.5880322209436,
                    "y": 460.85889570552143
                },
                {
                    "x": 386.7779056386652,
                    "y": 460.85889570552143
                }
            ]
        }
    ],
    "version": "2.2.0"
}