{
    "asset": {
        "format": "jpg",
        "id": "bfc1d349665fd4cb8399082f24ec577d",
        "name": "WIN_20231103_09_37_31_Pro.jpg",
        "path": "file:D:/tomato%20KHM/WIN_20231103_09_37_31_Pro.jpg",
        "size": {
            "width": 640,
            "height": 480
        },
        "state": 2,
        "type": 1
    },
    "regions": [
        {
            "id": "k3rKhjF_Y",
            "type": "RECTANGLE",
            "tags": [
                "tomato"
            ],
            "boundingBox": {
                "height": 53.74233128834356,
                "width": 53.76294591484465,
                "left": 123.85500575373993,
                "top": 174.47852760736197
            },
            "points": [
                {
                    "x": 123.85500575373993,
                    "y": 174.47852760736197
                },
                {
                    "x": 177.6179516685846,
                    "y": 174.47852760736197
                },
                {
                    "x": 177.6179516685846,
                    "y": 228.2208588957055
                },
                {
                    "x": 123.85500575373993,
                    "y": 228.2208588957055
                }
            ]
        },
        {
            "id": "D6ML3a9me",
            "type": "RECTANGLE",
            "tags": [
                "tomato"
            ],
            "boundingBox": {
                "height": 25.030674846625764,
                "width": 38.296892980437285,
                "left": 490.62140391254314,
                "top": 259.1411042944785
            },
            "points": [
                {
                    "x": 490.62140391254314,
                    "y": 259.1411042944785
                },
                {
                    "x": 528.9182968929805,
                    "y": 259.1411042944785
                },
                {
                    "x": 528.9182968929805,
                    "y": 284.1717791411043
                },
                {
                    "x": 490.62140391254314,
                    "y": 284.1717791411043
                }
            ]
        }
    ],
    "version": "2.2.0"
}