{
    "asset": {
        "format": "jpg",
        "id": "c0ed4083363ab69265c84840b22e2a92",
        "name": "WIN_20231103_09_56_10_Pro.jpg",
        "path": "file:D:/tomato%20KHM/WIN_20231103_09_56_10_Pro.jpg",
        "size": {
            "width": 640,
            "height": 480
        },
        "state": 2,
        "type": 1
    },
    "regions": [
        {
            "id": "Xf2857soN",
            "type": "RECTANGLE",
            "tags": [
                "tomato"
            ],
            "boundingBox": {
                "height": 69.93865030674846,
                "width": 78.80322209436133,
                "left": 322.70425776754894,
                "top": 357.7914110429448
            },
            "points": [
                {
                    "x": 322.70425776754894,
                    "y": 357.7914110429448
                },
                {
                    "x": 401.50747986191027,
                    "y": 357.7914110429448
                },
                {
                    "x": 401.50747986191027,
                    "y": 427.73006134969324
                },
                {
                    "x": 322.70425776754894,
                    "y": 427.73006134969324
                }
            ]
        },
        {
            "id": "Ag8c_Axyw",
            "type": "RECTANGLE",
            "tags": [
                "tomato"
            ],
            "boundingBox": {
                "height": 52.26993865030675,
                "width": 27.859608745684696,
                "left": 612.1403912543153,
                "top": 354.11042944785277
            },
            "points": [
                {
                    "x": 612.1403912543153,
                    "y": 354.11042944785277
                },
                {
                    "x": 640,
                    "y": 354.11042944785277
                },
                {
                    "x": 640,
                    "y": 406.38036809815947
                },
                {
                    "x": 612.1403912543153,
                    "y": 406.38036809815947
                }
            ]
        }
    ],
    "version": "2.2.0"
}