{
    "asset": {
        "format": "jpg",
        "id": "c1582a77533c1ee627118aaf46abfb6a",
        "name": "WIN_20231103_09_53_10_Pro.jpg",
        "path": "file:D:/tomato%20KHM/WIN_20231103_09_53_10_Pro.jpg",
        "size": {
            "width": 640,
            "height": 480
        },
        "state": 2,
        "type": 1
    },
    "regions": [
        {
            "id": "dWG3WQM-K",
            "type": "RECTANGLE",
            "tags": [
                "tomato"
            ],
            "boundingBox": {
                "height": 54.47852760736196,
                "width": 58.918296892980436,
                "left": 218.86075949367088,
                "top": 213.49693251533742
            },
            "points": [
                {
                    "x": 218.86075949367088,
                    "y": 213.49693251533742
                },
                {
                    "x": 277.77905638665135,
                    "y": 213.49693251533742
                },
                {
                    "x": 277.77905638665135,
                    "y": 267.97546012269936
                },
                {
                    "x": 218.86075949367088,
                    "y": 267.97546012269936
                }
            ]
        },
        {
            "id": "3oi1H18uw",
            "type": "RECTANGLE",
            "tags": [
                "tomato"
            ],
            "boundingBox": {
                "height": 58.15950920245398,
                "width": 47.7445339470656,
                "left": 592.2554660529345,
                "top": 224.53987730061348
            },
            "points": [
                {
                    "x": 592.2554660529345,
                    "y": 224.53987730061348
                },
                {
                    "x": 640,
                    "y": 224.53987730061348
                },
                {
                    "x": 640,
                    "y": 282.69938650306744
                },
                {
                    "x": 592.2554660529345,
                    "y": 282.69938650306744
                }
            ]
        }
    ],
    "version": "2.2.0"
}