{
    "asset": {
        "format": "jpg",
        "id": "c69f205df60eed0005d6adb6b443a9ab",
        "name": "WIN_20231102_17_16_25_Pro.jpg",
        "path": "file:D:/tomato%20KHM/WIN_20231102_17_16_25_Pro.jpg",
        "size": {
            "width": 640,
            "height": 480
        },
        "state": 2,
        "type": 1
    },
    "regions": [
        {
            "id": "z610mE5hT",
            "type": "RECTANGLE",
            "tags": [
                "tomato"
            ],
            "boundingBox": {
                "height": 18.404907975460123,
                "width": 61.127733026467205,
                "left": 519.3440736478711,
                "top": 248.83435582822085
            },
            "points": [
                {
                    "x": 519.3440736478711,
                    "y": 248.83435582822085
                },
                {
                    "x": 580.4718066743384,
                    "y": 248.83435582822085
                },
                {
                    "x": 580.4718066743384,
                    "y": 267.23926380368096
                },
                {
                    "x": 519.3440736478711,
                    "y": 267.23926380368096
                }
            ]
        }
    ],
    "version": "2.2.0"
}