{
    "asset": {
        "format": "jpg",
        "id": "c9042a8b0265e4c3302fc9cf2ce9396f",
        "name": "WIN_20231103_09_37_56_Pro.jpg",
        "path": "file:D:/tomato%20KHM/WIN_20231103_09_37_56_Pro.jpg",
        "size": {
            "width": 640,
            "height": 480
        },
        "state": 2,
        "type": 1
    },
    "regions": [
        {
            "id": "H3qwmzFBm",
            "type": "RECTANGLE",
            "tags": [
                "tomato"
            ],
            "boundingBox": {
                "height": 66.99386503067484,
                "width": 60.39125431530495,
                "left": 127.53739930955122,
                "top": 181.840490797546
            },
            "points": [
                {
                    "x": 127.53739930955122,
                    "y": 181.840490797546
                },
                {
                    "x": 187.92865362485617,
                    "y": 181.840490797546
                },
                {
                    "x": 187.92865362485617,
                    "y": 248.83435582822085
                },
                {
                    "x": 127.53739930955122,
                    "y": 248.83435582822085
                }
            ]
        },
        {
            "id": "4wSkcnr5x",
            "type": "RECTANGLE",
            "tags": [
                "tomato"
            ],
            "boundingBox": {
                "height": 47.11656441717791,
                "width": 43.45224395857307,
                "left": 429.49367088607596,
                "top": 309.20245398773005
            },
            "points": [
                {
                    "x": 429.49367088607596,
                    "y": 309.20245398773005
                },
                {
                    "x": 472.94591484464905,
                    "y": 309.20245398773005
                },
                {
                    "x": 472.94591484464905,
                    "y": 356.319018404908
                },
                {
                    "x": 429.49367088607596,
                    "y": 356.319018404908
                }
            ]
        }
    ],
    "version": "2.2.0"
}