{
    "asset": {
        "format": "jpg",
        "id": "c93a5e6a3bb4db320ce8e7437b79e600",
        "name": "WIN_20231102_17_01_10_Pro.jpg",
        "path": "file:D:/tomato%20KHM/WIN_20231102_17_01_10_Pro.jpg",
        "size": {
            "width": 640,
            "height": 480
        },
        "state": 2,
        "type": 1
    },
    "regions": [
        {
            "id": "fyw9SjLS5",
            "type": "RECTANGLE",
            "tags": [
                "tomato"
            ],
            "boundingBox": {
                "height": 84.66257668711656,
                "width": 72.9113924050633,
                "left": 275.56962025316454,
                "top": 343.80368098159505
            },
            "points": [
                {
                    "x": 275.56962025316454,
                    "y": 343.80368098159505
                },
                {
                    "x": 348.4810126582279,
                    "y": 343.80368098159505
                },
                {
                    "x": 348.4810126582279,
                    "y": 428.46625766871165
                },
                {
                    "x": 275.56962025316454,
                    "y": 428.46625766871165
                }
            ]
        }
    ],
    "version": "2.2.0"
}