{
    "asset": {
        "format": "jpg",
        "id": "c982c3b9945a83c8ee0577cda8bb3b68",
        "name": "WIN_20231102_17_01_43_Pro.jpg",
        "path": "file:D:/tomato%20KHM/WIN_20231102_17_01_43_Pro.jpg",
        "size": {
            "width": 640,
            "height": 480
        },
        "state": 2,
        "type": 1
    },
    "regions": [
        {
            "id": "cpLxu_OT_",
            "type": "RECTANGLE",
            "tags": [
                "tomato"
            ],
            "boundingBox": {
                "height": 66.25766871165644,
                "width": 57.44533947065593,
                "left": 8.964326812428078,
                "top": 231.16564417177912
            },
            "points": [
                {
                    "x": 8.964326812428078,
                    "y": 231.16564417177912
                },
                {
                    "x": 66.40966628308401,
                    "y": 231.16564417177912
                },
                {
                    "x": 66.40966628308401,
                    "y": 297.4233128834356
                },
                {
                    "x": 8.964326812428078,
                    "y": 297.4233128834356
                }
            ]
        },
        {
            "id": "QU6lZ-ZFo",
            "type": "RECTANGLE",
            "tags": [
                "tomato"
            ],
            "boundingBox": {
                "height": 61.104294478527606,
                "width": 58.918296892980436,
                "left": 51.6800920598389,
                "top": 263.55828220858893
            },
            "points": [
                {
                    "x": 51.6800920598389,
                    "y": 263.55828220858893
                },
                {
                    "x": 110.59838895281933,
                    "y": 263.55828220858893
                },
                {
                    "x": 110.59838895281933,
                    "y": 324.66257668711654
                },
                {
                    "x": 51.6800920598389,
                    "y": 324.66257668711654
                }
            ]
        },
        {
            "id": "v63FZJS3M",
            "type": "RECTANGLE",
            "tags": [
                "tomato"
            ],
            "boundingBox": {
                "height": 74.3558282208589,
                "width": 77.33026467203683,
                "left": 224.01611047180668,
                "top": 317.3006134969325
            },
            "points": [
                {
                    "x": 224.01611047180668,
                    "y": 317.3006134969325
                },
                {
                    "x": 301.3463751438435,
                    "y": 317.3006134969325
                },
                {
                    "x": 301.3463751438435,
                    "y": 391.6564417177914
                },
                {
                    "x": 224.01611047180668,
                    "y": 391.6564417177914
                }
            ]
        },
        {
            "id": "GbMgw009U",
            "type": "RECTANGLE",
            "tags": [
                "tomato"
            ],
            "boundingBox": {
                "height": 98.65030674846625,
                "width": 92.79631760644419,
                "left": 436.12197928653626,
                "top": 126.62576687116564
            },
            "points": [
                {
                    "x": 436.12197928653626,
                    "y": 126.62576687116564
                },
                {
                    "x": 528.9182968929805,
                    "y": 126.62576687116564
                },
                {
                    "x": 528.9182968929805,
                    "y": 225.2760736196319
                },
                {
                    "x": 436.12197928653626,
                    "y": 225.2760736196319
                }
            ]
        },
        {
            "id": "ECuupE11u",
            "type": "RECTANGLE",
            "tags": [
                "tomato"
            ],
            "boundingBox": {
                "height": 67.73006134969324,
                "width": 41.11622554660529,
                "left": 598.8837744533947,
                "top": 139.1411042944785
            },
            "points": [
                {
                    "x": 598.8837744533947,
                    "y": 139.1411042944785
                },
                {
                    "x": 640,
                    "y": 139.1411042944785
                },
                {
                    "x": 640,
                    "y": 206.87116564417178
                },
                {
                    "x": 598.8837744533947,
                    "y": 206.87116564417178
                }
            ]
        }
    ],
    "version": "2.2.0"
}