{
    "asset": {
        "format": "jpg",
        "id": "c9f883995e1ebeef4eade1ce7f1ddb4c",
        "name": "WIN_20231102_17_02_05_Pro.jpg",
        "path": "file:D:/tomato%20KHM/WIN_20231102_17_02_05_Pro.jpg",
        "size": {
            "width": 640,
            "height": 480
        },
        "state": 2,
        "type": 1
    },
    "regions": [
        {
            "id": "9QiKQ7zMM",
            "type": "RECTANGLE",
            "tags": [
                "tomato"
            ],
            "boundingBox": {
                "height": 59.6319018404908,
                "width": 65.54660529344073,
                "left": 36.21403912543153,
                "top": 284.9079754601227
            },
            "points": [
                {
                    "x": 36.21403912543153,
                    "y": 284.9079754601227
                },
                {
                    "x": 101.76064441887227,
                    "y": 284.9079754601227
                },
                {
                    "x": 101.76064441887227,
                    "y": 344.53987730061345
                },
                {
                    "x": 36.21403912543153,
                    "y": 344.53987730061345
                }
            ]
        },
        {
            "id": "m0c1uOnq7",
            "type": "RECTANGLE",
            "tags": [
                "tomato"
            ],
            "boundingBox": {
                "height": 83.92638036809815,
                "width": 88.37744533947065,
                "left": 162.15189873417722,
                "top": 115.58282208588956
            },
            "points": [
                {
                    "x": 162.15189873417722,
                    "y": 115.58282208588956
                },
                {
                    "x": 250.52934407364788,
                    "y": 115.58282208588956
                },
                {
                    "x": 250.52934407364788,
                    "y": 199.5092024539877
                },
                {
                    "x": 162.15189873417722,
                    "y": 199.5092024539877
                }
            ]
        },
        {
            "id": "HySyj023m",
            "type": "RECTANGLE",
            "tags": [
                "tomato"
            ],
            "boundingBox": {
                "height": 74.3558282208589,
                "width": 78.06674338319908,
                "left": 327.8596087456847,
                "top": 120.7361963190184
            },
            "points": [
                {
                    "x": 327.8596087456847,
                    "y": 120.7361963190184
                },
                {
                    "x": 405.92635212888376,
                    "y": 120.7361963190184
                },
                {
                    "x": 405.92635212888376,
                    "y": 195.0920245398773
                },
                {
                    "x": 327.8596087456847,
                    "y": 195.0920245398773
                }
            ]
        },
        {
            "id": "qR1lLRYBt",
            "type": "RECTANGLE",
            "tags": [
                "tomato"
            ],
            "boundingBox": {
                "height": 72.14723926380368,
                "width": 72.17491369390103,
                "left": 286.6168009205984,
                "top": 320.2453987730061
            },
            "points": [
                {
                    "x": 286.6168009205984,
                    "y": 320.2453987730061
                },
                {
                    "x": 358.7917146144994,
                    "y": 320.2453987730061
                },
                {
                    "x": 358.7917146144994,
                    "y": 392.3926380368098
                },
                {
                    "x": 286.6168009205984,
                    "y": 392.3926380368098
                }
            ]
        },
        {
            "id": "ucsM-Cq_9",
            "type": "RECTANGLE",
            "tags": [
                "tomato"
            ],
            "boundingBox": {
                "height": 80.98159509202453,
                "width": 40.379746835443036,
                "left": 599.620253164557,
                "top": 393.8650306748466
            },
            "points": [
                {
                    "x": 599.620253164557,
                    "y": 393.8650306748466
                },
                {
                    "x": 640,
                    "y": 393.8650306748466
                },
                {
                    "x": 640,
                    "y": 474.84662576687117
                },
                {
                    "x": 599.620253164557,
                    "y": 474.84662576687117
                }
            ]
        }
    ],
    "version": "2.2.0"
}