{
    "asset": {
        "format": "jpg",
        "id": "cc28a4ef5324fcfe604437b6e1f4aabb",
        "name": "WIN_20231102_17_08_26_Pro.jpg",
        "path": "file:D:/tomato%20KHM/WIN_20231102_17_08_26_Pro.jpg",
        "size": {
            "width": 640,
            "height": 480
        },
        "state": 2,
        "type": 1
    },
    "regions": [
        {
            "id": "V143eLg9N",
            "type": "RECTANGLE",
            "tags": [
                "tomato"
            ],
            "boundingBox": {
                "height": 69.93865030674846,
                "width": 69.96547756041427,
                "left": 103.97008055235904,
                "top": 159.75460122699386
            },
            "points": [
                {
                    "x": 103.97008055235904,
                    "y": 159.75460122699386
                },
                {
                    "x": 173.93555811277332,
                    "y": 159.75460122699386
                },
                {
                    "x": 173.93555811277332,
                    "y": 229.6932515337423
                },
                {
                    "x": 103.97008055235904,
                    "y": 229.6932515337423
                }
            ]
        },
        {
            "id": "Mw1ikp3qR",
            "type": "RECTANGLE",
            "tags": [
                "tomato"
            ],
            "boundingBox": {
                "height": 71.41104294478528,
                "width": 78.06674338319908,
                "left": 380.1495972382049,
                "top": 226.0122699386503
            },
            "points": [
                {
                    "x": 380.1495972382049,
                    "y": 226.0122699386503
                },
                {
                    "x": 458.21634062140396,
                    "y": 226.0122699386503
                },
                {
                    "x": 458.21634062140396,
                    "y": 297.4233128834356
                },
                {
                    "x": 380.1495972382049,
                    "y": 297.4233128834356
                }
            ]
        }
    ],
    "version": "2.2.0"
}