{
    "asset": {
        "format": "jpg",
        "id": "cc8ce49fcf858a2b921408646617b045",
        "name": "WIN_20231102_17_16_16_Pro.jpg",
        "path": "file:D:/tomato%20KHM/WIN_20231102_17_16_16_Pro.jpg",
        "size": {
            "width": 640,
            "height": 480
        },
        "state": 2,
        "type": 1
    },
    "regions": [
        {
            "id": "R-DwDT0uc",
            "type": "RECTANGLE",
            "tags": [
                "tomato"
            ],
            "boundingBox": {
                "height": 75.0920245398773,
                "width": 65.67318757192176,
                "left": 0,
                "top": 228.2208588957055
            },
            "points": [
                {
                    "x": 0,
                    "y": 228.2208588957055
                },
                {
                    "x": 65.67318757192176,
                    "y": 228.2208588957055
                },
                {
                    "x": 65.67318757192176,
                    "y": 303.3128834355828
                },
                {
                    "x": 0,
                    "y": 303.3128834355828
                }
            ]
        },
        {
            "id": "LAyRwsgXR",
            "type": "RECTANGLE",
            "tags": [
                "tomato"
            ],
            "boundingBox": {
                "height": 62.576687116564415,
                "width": 69.22899884925202,
                "left": 238.00920598388953,
                "top": 192.88343558282207
            },
            "points": [
                {
                    "x": 238.00920598388953,
                    "y": 192.88343558282207
                },
                {
                    "x": 307.23820483314154,
                    "y": 192.88343558282207
                },
                {
                    "x": 307.23820483314154,
                    "y": 255.4601226993865
                },
                {
                    "x": 238.00920598388953,
                    "y": 255.4601226993865
                }
            ]
        },
        {
            "id": "1nRmimd0V",
            "type": "RECTANGLE",
            "tags": [
                "tomato"
            ],
            "boundingBox": {
                "height": 71.41104294478528,
                "width": 37.43383199079402,
                "left": 602.566168009206,
                "top": 259.1411042944785
            },
            "points": [
                {
                    "x": 602.566168009206,
                    "y": 259.1411042944785
                },
                {
                    "x": 640,
                    "y": 259.1411042944785
                },
                {
                    "x": 640,
                    "y": 330.5521472392638
                },
                {
                    "x": 602.566168009206,
                    "y": 330.5521472392638
                }
            ]
        }
    ],
    "version": "2.2.0"
}