{
    "asset": {
        "format": "jpg",
        "id": "cd95b4851de02a4e29c86ff0045c508c",
        "name": "WIN_20231102_16_55_40_Pro.jpg",
        "path": "file:D:/tomato%20KHM/WIN_20231102_16_55_40_Pro.jpg",
        "size": {
            "width": 640,
            "height": 480
        },
        "state": 2,
        "type": 1
    },
    "regions": [
        {
            "id": "ANIYAXb03",
            "type": "RECTANGLE",
            "tags": [
                "tomato"
            ],
            "boundingBox": {
                "height": 78.03680981595092,
                "width": 73.64787111622555,
                "left": 235.79976985040278,
                "top": 350.42944785276075
            },
            "points": [
                {
                    "x": 235.79976985040278,
                    "y": 350.42944785276075
                },
                {
                    "x": 309.44764096662834,
                    "y": 350.42944785276075
                },
                {
                    "x": 309.44764096662834,
                    "y": 428.46625766871165
                },
                {
                    "x": 235.79976985040278,
                    "y": 428.46625766871165
                }
            ]
        },
        {
            "id": "QIcA_WJaK",
            "type": "RECTANGLE",
            "tags": [
                "tomato"
            ],
            "boundingBox": {
                "height": 96.44171779141104,
                "width": 46.271576524741086,
                "left": 593.728423475259,
                "top": 179.6319018404908
            },
            "points": [
                {
                    "x": 593.728423475259,
                    "y": 179.6319018404908
                },
                {
                    "x": 640,
                    "y": 179.6319018404908
                },
                {
                    "x": 640,
                    "y": 276.0736196319018
                },
                {
                    "x": 593.728423475259,
                    "y": 276.0736196319018
                }
            ]
        }
    ],
    "version": "2.2.0"
}