{
    "asset": {
        "format": "jpg",
        "id": "ce4f51ad6f03c0e1bc212464690cca8d",
        "name": "WIN_20231103_09_40_38_Pro.jpg",
        "path": "file:D:/tomato%20KHM/WIN_20231103_09_40_38_Pro.jpg",
        "size": {
            "width": 640,
            "height": 480
        },
        "state": 2,
        "type": 1
    },
    "regions": [
        {
            "id": "5yKdeOUky",
            "type": "RECTANGLE",
            "tags": [
                "tomato"
            ],
            "boundingBox": {
                "height": 78.77300613496932,
                "width": 80.27617951668584,
                "left": 315.3394706559264,
                "top": 379.8773006134969
            },
            "points": [
                {
                    "x": 315.3394706559264,
                    "y": 379.8773006134969
                },
                {
                    "x": 395.6156501726122,
                    "y": 379.8773006134969
                },
                {
                    "x": 395.6156501726122,
                    "y": 458.6503067484662
                },
                {
                    "x": 315.3394706559264,
                    "y": 458.6503067484662
                }
            ]
        }
    ],
    "version": "2.2.0"
}