{
    "asset": {
        "format": "jpg",
        "id": "d09d18131e9fa45e8f2a8f86c6a90523",
        "name": "WIN_20231102_16_56_05_Pro.jpg",
        "path": "file:D:/tomato%20KHM/WIN_20231102_16_56_05_Pro.jpg",
        "size": {
            "width": 640,
            "height": 480
        },
        "state": 2,
        "type": 1
    },
    "regions": [
        {
            "id": "sF07LqYE-",
            "type": "RECTANGLE",
            "tags": [
                "tomato"
            ],
            "boundingBox": {
                "height": 64.78527607361963,
                "width": 83.95857307249713,
                "left": 172.4626006904488,
                "top": 378.4049079754601
            },
            "points": [
                {
                    "x": 172.4626006904488,
                    "y": 378.4049079754601
                },
                {
                    "x": 256.4211737629459,
                    "y": 378.4049079754601
                },
                {
                    "x": 256.4211737629459,
                    "y": 443.19018404907973
                },
                {
                    "x": 172.4626006904488,
                    "y": 443.19018404907973
                }
            ]
        }
    ],
    "version": "2.2.0"
}