{
    "asset": {
        "format": "jpg",
        "id": "d20da2f7d5051e1aa00bcfd3931d34a2",
        "name": "WIN_20231103_09_56_14_Pro.jpg",
        "path": "file:D:/tomato%20KHM/WIN_20231103_09_56_14_Pro.jpg",
        "size": {
            "width": 640,
            "height": 480
        },
        "state": 2,
        "type": 1
    },
    "regions": [
        {
            "id": "OLaH4Eixn",
            "type": "RECTANGLE",
            "tags": [
                "tomato"
            ],
            "boundingBox": {
                "height": 56.687116564417174,
                "width": 30.195627157652474,
                "left": 3.80897583429229,
                "top": 318.0368098159509
            },
            "points": [
                {
                    "x": 3.80897583429229,
                    "y": 318.0368098159509
                },
                {
                    "x": 34.004602991944765,
                    "y": 318.0368098159509
                },
                {
                    "x": 34.004602991944765,
                    "y": 374.7239263803681
                },
                {
                    "x": 3.80897583429229,
                    "y": 374.7239263803681
                }
            ]
        },
        {
            "id": "KNGqG5XkJ",
            "type": "RECTANGLE",
            "tags": [
                "tomato"
            ],
            "boundingBox": {
                "height": 70.67484662576686,
                "width": 68.49252013808976,
                "left": 184.98273878020714,
                "top": 326.13496932515335
            },
            "points": [
                {
                    "x": 184.98273878020714,
                    "y": 326.13496932515335
                },
                {
                    "x": 253.4752589182969,
                    "y": 326.13496932515335
                },
                {
                    "x": 253.4752589182969,
                    "y": 396.8098159509202
                },
                {
                    "x": 184.98273878020714,
                    "y": 396.8098159509202
                }
            ]
        }
    ],
    "version": "2.2.0"
}