{
    "asset": {
        "format": "jpg",
        "id": "d2b034f2dc78f42364a5db11ceb940ad",
        "name": "WIN_20231102_17_18_17_Pro.jpg",
        "path": "file:D:/tomato%20KHM/WIN_20231102_17_18_17_Pro.jpg",
        "size": {
            "width": 640,
            "height": 480
        },
        "state": 2,
        "type": 1
    },
    "regions": [
        {
            "id": "iVSRCDzwq",
            "type": "RECTANGLE",
            "tags": [
                "tomato"
            ],
            "boundingBox": {
                "height": 58.15950920245398,
                "width": 64.8101265822785,
                "left": 51.6800920598389,
                "top": 200.98159509202452
            },
            "points": [
                {
                    "x": 51.6800920598389,
                    "y": 200.98159509202452
                },
                {
                    "x": 116.49021864211738,
                    "y": 200.98159509202452
                },
                {
                    "x": 116.49021864211738,
                    "y": 259.1411042944785
                },
                {
                    "x": 51.6800920598389,
                    "y": 259.1411042944785
                }
            ]
        },
        {
            "id": "YyL0xvnV1",
            "type": "RECTANGLE",
            "tags": [
                "tomato"
            ],
            "boundingBox": {
                "height": 67.73006134969324,
                "width": 81.0126582278481,
                "left": 348.4810126582279,
                "top": 242.94478527607362
            },
            "points": [
                {
                    "x": 348.4810126582279,
                    "y": 242.94478527607362
                },
                {
                    "x": 429.49367088607596,
                    "y": 242.94478527607362
                },
                {
                    "x": 429.49367088607596,
                    "y": 310.67484662576686
                },
                {
                    "x": 348.4810126582279,
                    "y": 310.67484662576686
                }
            ]
        }
    ],
    "version": "2.2.0"
}