{
    "asset": {
        "format": "jpg",
        "id": "d30a8c918cc11dd61a0a48d40d224cd9",
        "name": "WIN_20231102_17_04_17_Pro.jpg",
        "path": "file:D:/tomato%20KHM/WIN_20231102_17_04_17_Pro.jpg",
        "size": {
            "width": 640,
            "height": 480
        },
        "state": 2,
        "type": 1
    },
    "regions": [
        {
            "id": "qusI4hcVk",
            "type": "RECTANGLE",
            "tags": [
                "tomato"
            ],
            "boundingBox": {
                "height": 69.20245398773005,
                "width": 72.17491369390103,
                "left": 323.4407364787112,
                "top": 290.06134969325154
            },
            "points": [
                {
                    "x": 323.4407364787112,
                    "y": 290.06134969325154
                },
                {
                    "x": 395.6156501726122,
                    "y": 290.06134969325154
                },
                {
                    "x": 395.6156501726122,
                    "y": 359.2638036809816
                },
                {
                    "x": 323.4407364787112,
                    "y": 359.2638036809816
                }
            ]
        },
        {
            "id": "8O37_NdVi",
            "type": "RECTANGLE",
            "tags": [
                "tomato"
            ],
            "boundingBox": {
                "height": 70.67484662576686,
                "width": 16.075949367088608,
                "left": 623.9240506329114,
                "top": 354.84662576687117
            },
            "points": [
                {
                    "x": 623.9240506329114,
                    "y": 354.84662576687117
                },
                {
                    "x": 640,
                    "y": 354.84662576687117
                },
                {
                    "x": 640,
                    "y": 425.52147239263803
                },
                {
                    "x": 623.9240506329114,
                    "y": 425.52147239263803
                }
            ]
        }
    ],
    "version": "2.2.0"
}