{
    "asset": {
        "format": "jpg",
        "id": "d3f6076532f8c890b93b646767a636f0",
        "name": "WIN_20231102_17_18_25_Pro.jpg",
        "path": "file:D:/tomato%20KHM/WIN_20231102_17_18_25_Pro.jpg",
        "size": {
            "width": 640,
            "height": 480
        },
        "state": 2,
        "type": 1
    },
    "regions": [
        {
            "id": "f7uOUbCxG",
            "type": "RECTANGLE",
            "tags": [
                "tomato"
            ],
            "boundingBox": {
                "height": 64.78527607361963,
                "width": 84.69505178365938,
                "left": 111.3348676639816,
                "top": 228.9570552147239
            },
            "points": [
                {
                    "x": 111.3348676639816,
                    "y": 228.9570552147239
                },
                {
                    "x": 196.02991944764096,
                    "y": 228.9570552147239
                },
                {
                    "x": 196.02991944764096,
                    "y": 293.74233128834356
                },
                {
                    "x": 111.3348676639816,
                    "y": 293.74233128834356
                }
            ]
        }
    ],
    "version": "2.2.0"
}