{
    "asset": {
        "format": "jpg",
        "id": "d5e9dee04fb1a96b2cca479f7abedf1a",
        "name": "WIN_20231102_17_18_51_Pro.jpg",
        "path": "file:D:/tomato%20KHM/WIN_20231102_17_18_51_Pro.jpg",
        "size": {
            "width": 640,
            "height": 480
        },
        "state": 2,
        "type": 1
    },
    "regions": [
        {
            "id": "ylIrAoTwF",
            "type": "RECTANGLE",
            "tags": [
                "tomato"
            ],
            "boundingBox": {
                "height": 72.14723926380368,
                "width": 66.283084004603,
                "left": 288.82623705408514,
                "top": 395.3374233128834
            },
            "points": [
                {
                    "x": 288.82623705408514,
                    "y": 395.3374233128834
                },
                {
                    "x": 355.1093210586882,
                    "y": 395.3374233128834
                },
                {
                    "x": 355.1093210586882,
                    "y": 467.48466257668707
                },
                {
                    "x": 288.82623705408514,
                    "y": 467.48466257668707
                }
            ]
        }
    ],
    "version": "2.2.0"
}