{
    "asset": {
        "format": "jpg",
        "id": "d71b389c66ce524720c740285397ffd8",
        "name": "WIN_20231102_17_07_48_Pro.jpg",
        "path": "file:D:/tomato%20KHM/WIN_20231102_17_07_48_Pro.jpg",
        "size": {
            "width": 640,
            "height": 480
        },
        "state": 2,
        "type": 1
    },
    "regions": [
        {
            "id": "lRbd60mcz",
            "type": "RECTANGLE",
            "tags": [
                "tomato"
            ],
            "boundingBox": {
                "height": 65.52147239263803,
                "width": 64.07364787111622,
                "left": 96.60529344073649,
                "top": 171.53374233128832
            },
            "points": [
                {
                    "x": 96.60529344073649,
                    "y": 171.53374233128832
                },
                {
                    "x": 160.6789413118527,
                    "y": 171.53374233128832
                },
                {
                    "x": 160.6789413118527,
                    "y": 237.05521472392638
                },
                {
                    "x": 96.60529344073649,
                    "y": 237.05521472392638
                }
            ]
        },
        {
            "id": "EIZFx_0qB",
            "type": "RECTANGLE",
            "tags": [
                "tomato"
            ],
            "boundingBox": {
                "height": 79.50920245398773,
                "width": 64.07364787111622,
                "left": 84.08515535097814,
                "top": 330.5521472392638
            },
            "points": [
                {
                    "x": 84.08515535097814,
                    "y": 330.5521472392638
                },
                {
                    "x": 148.15880322209438,
                    "y": 330.5521472392638
                },
                {
                    "x": 148.15880322209438,
                    "y": 410.06134969325154
                },
                {
                    "x": 84.08515535097814,
                    "y": 410.06134969325154
                }
            ]
        },
        {
            "id": "B3YuIXiYY",
            "type": "RECTANGLE",
            "tags": [
                "tomato"
            ],
            "boundingBox": {
                "height": 79.50920245398773,
                "width": 21.967779056386654,
                "left": 618.0322209436134,
                "top": 244.41717791411043
            },
            "points": [
                {
                    "x": 618.0322209436134,
                    "y": 244.41717791411043
                },
                {
                    "x": 640,
                    "y": 244.41717791411043
                },
                {
                    "x": 640,
                    "y": 323.92638036809814
                },
                {
                    "x": 618.0322209436134,
                    "y": 323.92638036809814
                }
            ]
        }
    ],
    "version": "2.2.0"
}