{
    "asset": {
        "format": "jpg",
        "id": "dde99b78a4f3e770dff065983d86136d",
        "name": "WIN_20231102_16_56_09_Pro.jpg",
        "path": "file:D:/tomato%20KHM/WIN_20231102_16_56_09_Pro.jpg",
        "size": {
            "width": 640,
            "height": 480
        },
        "state": 2,
        "type": 1
    },
    "regions": [
        {
            "id": "CzAuUG4gK",
            "type": "RECTANGLE",
            "tags": [
                "tomato"
            ],
            "boundingBox": {
                "height": 58.895705521472394,
                "width": 81.0126582278481,
                "left": 87.76754890678941,
                "top": 353.37423312883436
            },
            "points": [
                {
                    "x": 87.76754890678941,
                    "y": 353.37423312883436
                },
                {
                    "x": 168.78020713463752,
                    "y": 353.37423312883436
                },
                {
                    "x": 168.78020713463752,
                    "y": 412.26993865030676
                },
                {
                    "x": 87.76754890678941,
                    "y": 412.26993865030676
                }
            ]
        }
    ],
    "version": "2.2.0"
}