{
    "asset": {
        "format": "jpg",
        "id": "de37c18a749786a108811c6c1ef4c9a8",
        "name": "WIN_20231103_10_08_41_Pro.jpg",
        "path": "file:D:/tomato%20KHM/WIN_20231103_10_08_41_Pro.jpg",
        "size": {
            "width": 640,
            "height": 480
        },
        "state": 2,
        "type": 1
    },
    "regions": [
        {
            "id": "6JOan64NQ",
            "type": "RECTANGLE",
            "tags": [
                "tomato"
            ],
            "boundingBox": {
                "height": 59.6319018404908,
                "width": 73.64787111622555,
                "left": 184.2462600690449,
                "top": 249.57055214723925
            },
            "points": [
                {
                    "x": 184.2462600690449,
                    "y": 249.57055214723925
                },
                {
                    "x": 257.89413118527045,
                    "y": 249.57055214723925
                },
                {
                    "x": 257.89413118527045,
                    "y": 309.20245398773005
                },
                {
                    "x": 184.2462600690449,
                    "y": 309.20245398773005
                }
            ]
        },
        {
            "id": "KdOYZ6c41",
            "type": "RECTANGLE",
            "tags": [
                "tomato"
            ],
            "boundingBox": {
                "height": 59.6319018404908,
                "width": 18.411967779056386,
                "left": 420.6559263521289,
                "top": 331.2883435582822
            },
            "points": [
                {
                    "x": 420.6559263521289,
                    "y": 331.2883435582822
                },
                {
                    "x": 439.0678941311853,
                    "y": 331.2883435582822
                },
                {
                    "x": 439.0678941311853,
                    "y": 390.920245398773
                },
                {
                    "x": 420.6559263521289,
                    "y": 390.920245398773
                }
            ]
        }
    ],
    "version": "2.2.0"
}