{
    "asset": {
        "format": "jpg",
        "id": "de86b5eecb6e1b2ad70e82629a2d418a",
        "name": "WIN_20231103_09_52_54_Pro.jpg",
        "path": "file:D:/tomato%20KHM/WIN_20231103_09_52_54_Pro.jpg",
        "size": {
            "width": 640,
            "height": 480
        },
        "state": 2,
        "type": 1
    },
    "regions": [
        {
            "id": "LA0_psHnx",
            "type": "RECTANGLE",
            "tags": [
                "tomato"
            ],
            "boundingBox": {
                "height": 48.58895705521472,
                "width": 51.55350978135788,
                "left": 76.72036823935558,
                "top": 174.47852760736197
            },
            "points": [
                {
                    "x": 76.72036823935558,
                    "y": 174.47852760736197
                },
                {
                    "x": 128.27387802071348,
                    "y": 174.47852760736197
                },
                {
                    "x": 128.27387802071348,
                    "y": 223.06748466257667
                },
                {
                    "x": 76.72036823935558,
                    "y": 223.06748466257667
                }
            ]
        },
        {
            "id": "LS9S05mcI",
            "type": "RECTANGLE",
            "tags": [
                "tomato"
            ],
            "boundingBox": {
                "height": 61.84049079754601,
                "width": 62.60069044879172,
                "left": 357.3187571921749,
                "top": 220.85889570552146
            },
            "points": [
                {
                    "x": 357.3187571921749,
                    "y": 220.85889570552146
                },
                {
                    "x": 419.91944764096667,
                    "y": 220.85889570552146
                },
                {
                    "x": 419.91944764096667,
                    "y": 282.69938650306744
                },
                {
                    "x": 357.3187571921749,
                    "y": 282.69938650306744
                }
            ]
        }
    ],
    "version": "2.2.0"
}