{
    "asset": {
        "format": "jpg",
        "id": "df2f551d90d85fe5ba7dfdc7d1c8ffa9",
        "name": "WIN_20231103_09_53_05_Pro.jpg",
        "path": "file:D:/tomato%20KHM/WIN_20231103_09_53_05_Pro.jpg",
        "size": {
            "width": 640,
            "height": 480
        },
        "state": 2,
        "type": 1
    },
    "regions": [
        {
            "id": "uEwLLNIt9",
            "type": "RECTANGLE",
            "tags": [
                "tomato"
            ],
            "boundingBox": {
                "height": 62.576687116564415,
                "width": 57.44533947065593,
                "left": 249.79286536248563,
                "top": 133.25153374233128
            },
            "points": [
                {
                    "x": 249.79286536248563,
                    "y": 133.25153374233128
                },
                {
                    "x": 307.23820483314154,
                    "y": 133.25153374233128
                },
                {
                    "x": 307.23820483314154,
                    "y": 195.8282208588957
                },
                {
                    "x": 249.79286536248563,
                    "y": 195.8282208588957
                }
            ]
        },
        {
            "id": "2dCV2q3Lo",
            "type": "RECTANGLE",
            "tags": [
                "tomato"
            ],
            "boundingBox": {
                "height": 46.38036809815951,
                "width": 53.026467203682394,
                "left": 210.02301495972387,
                "top": 200.24539877300612
            },
            "points": [
                {
                    "x": 210.02301495972387,
                    "y": 200.24539877300612
                },
                {
                    "x": 263.04948216340625,
                    "y": 200.24539877300612
                },
                {
                    "x": 263.04948216340625,
                    "y": 246.62576687116564
                },
                {
                    "x": 210.02301495972387,
                    "y": 246.62576687116564
                }
            ]
        },
        {
            "id": "5ODfLlneb",
            "type": "RECTANGLE",
            "tags": [
                "tomato"
            ],
            "boundingBox": {
                "height": 41.22699386503067,
                "width": 70.70195627157653,
                "left": 218.12428078250863,
                "top": 250.30674846625766
            },
            "points": [
                {
                    "x": 218.12428078250863,
                    "y": 250.30674846625766
                },
                {
                    "x": 288.82623705408514,
                    "y": 250.30674846625766
                },
                {
                    "x": 288.82623705408514,
                    "y": 291.53374233128835
                },
                {
                    "x": 218.12428078250863,
                    "y": 291.53374233128835
                }
            ]
        }
    ],
    "version": "2.2.0"
}