{
    "asset": {
        "format": "jpg",
        "id": "e09817567b26f48602a86673434e7c67",
        "name": "WIN_20231102_17_18_13_Pro.jpg",
        "path": "file:D:/tomato%20KHM/WIN_20231102_17_18_13_Pro.jpg",
        "size": {
            "width": 640,
            "height": 480
        },
        "state": 2,
        "type": 1
    },
    "regions": [
        {
            "id": "SVa63la5F",
            "type": "RECTANGLE",
            "tags": [
                "tomato"
            ],
            "boundingBox": {
                "height": 65.52147239263803,
                "width": 72.17491369390103,
                "left": 73.77445339470657,
                "top": 200.98159509202452
            },
            "points": [
                {
                    "x": 73.77445339470657,
                    "y": 200.98159509202452
                },
                {
                    "x": 145.9493670886076,
                    "y": 200.98159509202452
                },
                {
                    "x": 145.9493670886076,
                    "y": 266.50306748466255
                },
                {
                    "x": 73.77445339470657,
                    "y": 266.50306748466255
                }
            ]
        },
        {
            "id": "gq-DVtW9p",
            "type": "RECTANGLE",
            "tags": [
                "tomato"
            ],
            "boundingBox": {
                "height": 73.61963190184049,
                "width": 81.0126582278481,
                "left": 351.4269275028769,
                "top": 212.76073619631902
            },
            "points": [
                {
                    "x": 351.4269275028769,
                    "y": 212.76073619631902
                },
                {
                    "x": 432.439585730725,
                    "y": 212.76073619631902
                },
                {
                    "x": 432.439585730725,
                    "y": 286.3803680981595
                },
                {
                    "x": 351.4269275028769,
                    "y": 286.3803680981595
                }
            ]
        }
    ],
    "version": "2.2.0"
}