{
    "asset": {
        "format": "jpg",
        "id": "e3e5d4aeb25219d04b33bef826598c96",
        "name": "WIN_20231102_17_14_02_Pro.jpg",
        "path": "file:D:/tomato%20KHM/WIN_20231102_17_14_02_Pro.jpg",
        "size": {
            "width": 640,
            "height": 480
        },
        "state": 2,
        "type": 1
    },
    "regions": [
        {
            "id": "aodBQh-D1",
            "type": "RECTANGLE",
            "tags": [
                "tomato"
            ],
            "boundingBox": {
                "height": 55.214723926380366,
                "width": 55.97238204833142,
                "left": 3.80897583429229,
                "top": 262.0858895705521
            },
            "points": [
                {
                    "x": 3.80897583429229,
                    "y": 262.0858895705521
                },
                {
                    "x": 59.78135788262371,
                    "y": 262.0858895705521
                },
                {
                    "x": 59.78135788262371,
                    "y": 317.3006134969325
                },
                {
                    "x": 3.80897583429229,
                    "y": 317.3006134969325
                }
            ]
        },
        {
            "id": "v4z_4TvkG",
            "type": "RECTANGLE",
            "tags": [
                "tomato"
            ],
            "boundingBox": {
                "height": 69.93865030674846,
                "width": 67.75604142692751,
                "left": 94.39585730724971,
                "top": 160.49079754601226
            },
            "points": [
                {
                    "x": 94.39585730724971,
                    "y": 160.49079754601226
                },
                {
                    "x": 162.15189873417722,
                    "y": 160.49079754601226
                },
                {
                    "x": 162.15189873417722,
                    "y": 230.42944785276072
                },
                {
                    "x": 94.39585730724971,
                    "y": 230.42944785276072
                }
            ]
        },
        {
            "id": "tbvwUcqxB",
            "type": "RECTANGLE",
            "tags": [
                "tomato"
            ],
            "boundingBox": {
                "height": 59.6319018404908,
                "width": 69.96547756041427,
                "left": 266.7318757192175,
                "top": 108.95705521472392
            },
            "points": [
                {
                    "x": 266.7318757192175,
                    "y": 108.95705521472392
                },
                {
                    "x": 336.6973532796318,
                    "y": 108.95705521472392
                },
                {
                    "x": 336.6973532796318,
                    "y": 168.5889570552147
                },
                {
                    "x": 266.7318757192175,
                    "y": 168.5889570552147
                }
            ]
        }
    ],
    "version": "2.2.0"
}