{
    "asset": {
        "format": "jpg",
        "id": "e5ee46d8cdeb598a572b01775b7af8f3",
        "name": "WIN_20231103_09_40_48_Pro.jpg",
        "path": "file:D:/tomato%20KHM/WIN_20231103_09_40_48_Pro.jpg",
        "size": {
            "width": 640,
            "height": 480
        },
        "state": 2,
        "type": 1
    },
    "regions": [
        {
            "id": "eR3K42hiA",
            "type": "RECTANGLE",
            "tags": [
                "tomato"
            ],
            "boundingBox": {
                "height": 76.56441717791411,
                "width": 86.90448791714614,
                "left": 339.6432681242808,
                "top": 309.93865030674846
            },
            "points": [
                {
                    "x": 339.6432681242808,
                    "y": 309.93865030674846
                },
                {
                    "x": 426.54775604142696,
                    "y": 309.93865030674846
                },
                {
                    "x": 426.54775604142696,
                    "y": 386.50306748466255
                },
                {
                    "x": 339.6432681242808,
                    "y": 386.50306748466255
                }
            ]
        }
    ],
    "version": "2.2.0"
}