{
    "asset": {
        "format": "jpg",
        "id": "e6ce47fd7241f5d345d63ab9ee032c2d",
        "name": "WIN_20231102_17_05_24_Pro.jpg",
        "path": "file:D:/tomato%20KHM/WIN_20231102_17_05_24_Pro.jpg",
        "size": {
            "width": 640,
            "height": 480
        },
        "state": 2,
        "type": 1
    },
    "regions": [
        {
            "id": "WUlmXCOhB",
            "type": "RECTANGLE",
            "tags": [
                "tomato"
            ],
            "boundingBox": {
                "height": 71.41104294478528,
                "width": 73.64787111622555,
                "left": 285.88032220943614,
                "top": 312.14723926380367
            },
            "points": [
                {
                    "x": 285.88032220943614,
                    "y": 312.14723926380367
                },
                {
                    "x": 359.5281933256617,
                    "y": 312.14723926380367
                },
                {
                    "x": 359.5281933256617,
                    "y": 383.55828220858893
                },
                {
                    "x": 285.88032220943614,
                    "y": 383.55828220858893
                }
            ]
        },
        {
            "id": "4P9vLzrFR",
            "type": "RECTANGLE",
            "tags": [
                "tomato"
            ],
            "boundingBox": {
                "height": 80.24539877300613,
                "width": 70.70195627157653,
                "left": 230.64441887226698,
                "top": 285.6441717791411
            },
            "points": [
                {
                    "x": 230.64441887226698,
                    "y": 285.6441717791411
                },
                {
                    "x": 301.3463751438435,
                    "y": 285.6441717791411
                },
                {
                    "x": 301.3463751438435,
                    "y": 365.88957055214723
                },
                {
                    "x": 230.64441887226698,
                    "y": 365.88957055214723
                }
            ]
        },
        {
            "id": "vvU-PJ8YW",
            "type": "RECTANGLE",
            "tags": [
                "tomato"
            ],
            "boundingBox": {
                "height": 89.079754601227,
                "width": 30.069044879171464,
                "left": 609.9309551208286,
                "top": 333.4969325153374
            },
            "points": [
                {
                    "x": 609.9309551208286,
                    "y": 333.4969325153374
                },
                {
                    "x": 640,
                    "y": 333.4969325153374
                },
                {
                    "x": 640,
                    "y": 422.5766871165644
                },
                {
                    "x": 609.9309551208286,
                    "y": 422.5766871165644
                }
            ]
        },
        {
            "id": "26m8bgyV2",
            "type": "RECTANGLE",
            "tags": [
                "tomato"
            ],
            "boundingBox": {
                "height": 66.25766871165644,
                "width": 34.61449942462601,
                "left": 579.7353279631761,
                "top": 359.2638036809816
            },
            "points": [
                {
                    "x": 579.7353279631761,
                    "y": 359.2638036809816
                },
                {
                    "x": 614.3498273878021,
                    "y": 359.2638036809816
                },
                {
                    "x": 614.3498273878021,
                    "y": 425.52147239263803
                },
                {
                    "x": 579.7353279631761,
                    "y": 425.52147239263803
                }
            ]
        },
        {
            "id": "uNRH_SJQs",
            "type": "RECTANGLE",
            "tags": [
                "tomato"
            ],
            "boundingBox": {
                "height": 73.61963190184049,
                "width": 42.105868814729575,
                "left": 0,
                "top": 309.20245398773005
            },
            "points": [
                {
                    "x": 0,
                    "y": 309.20245398773005
                },
                {
                    "x": 42.105868814729575,
                    "y": 309.20245398773005
                },
                {
                    "x": 42.105868814729575,
                    "y": 382.82208588957053
                },
                {
                    "x": 0,
                    "y": 382.82208588957053
                }
            ]
        }
    ],
    "version": "2.2.0"
}