{
    "asset": {
        "format": "jpg",
        "id": "e73339541aa580e6dde67890a0ba8240",
        "name": "WIN_20231103_09_38_11_Pro.jpg",
        "path": "file:D:/tomato%20KHM/WIN_20231103_09_38_11_Pro.jpg",
        "size": {
            "width": 640,
            "height": 480
        },
        "state": 2,
        "type": 1
    },
    "regions": [
        {
            "id": "QCdJkZBAr",
            "type": "RECTANGLE",
            "tags": [
                "tomato"
            ],
            "boundingBox": {
                "height": 67.73006134969324,
                "width": 78.06674338319908,
                "left": 302.81933256616804,
                "top": 332.0245398773006
            },
            "points": [
                {
                    "x": 302.81933256616804,
                    "y": 332.0245398773006
                },
                {
                    "x": 380.8860759493671,
                    "y": 332.0245398773006
                },
                {
                    "x": 380.8860759493671,
                    "y": 399.7546012269938
                },
                {
                    "x": 302.81933256616804,
                    "y": 399.7546012269938
                }
            ]
        },
        {
            "id": "Mb-KQxJFh",
            "type": "RECTANGLE",
            "tags": [
                "tomato"
            ],
            "boundingBox": {
                "height": 51.533742331288344,
                "width": 61.86421173762946,
                "left": 333.0149597238205,
                "top": 381.3496932515337
            },
            "points": [
                {
                    "x": 333.0149597238205,
                    "y": 381.3496932515337
                },
                {
                    "x": 394.87917146144997,
                    "y": 381.3496932515337
                },
                {
                    "x": 394.87917146144997,
                    "y": 432.8834355828221
                },
                {
                    "x": 333.0149597238205,
                    "y": 432.8834355828221
                }
            ]
        }
    ],
    "version": "2.2.0"
}