{
    "asset": {
        "format": "jpg",
        "id": "e7dc5db3912dc6c3ec05bae0e97d4422",
        "name": "WIN_20231102_17_01_40_Pro.jpg",
        "path": "file:D:/tomato%20KHM/WIN_20231102_17_01_40_Pro.jpg",
        "size": {
            "width": 640,
            "height": 480
        },
        "state": 2,
        "type": 1
    },
    "regions": [
        {
            "id": "lYhi3Wvgj",
            "type": "RECTANGLE",
            "tags": [
                "tomato"
            ],
            "boundingBox": {
                "height": 60.3680981595092,
                "width": 56.708860759493675,
                "left": 53.15304948216341,
                "top": 262.82208588957053
            },
            "points": [
                {
                    "x": 53.15304948216341,
                    "y": 262.82208588957053
                },
                {
                    "x": 109.86191024165709,
                    "y": 262.82208588957053
                },
                {
                    "x": 109.86191024165709,
                    "y": 323.19018404907973
                },
                {
                    "x": 53.15304948216341,
                    "y": 323.19018404907973
                }
            ]
        },
        {
            "id": "goaWJujaU",
            "type": "RECTANGLE",
            "tags": [
                "tomato"
            ],
            "boundingBox": {
                "height": 79.50920245398773,
                "width": 75.85730724971232,
                "left": 260.1035673187572,
                "top": 267.23926380368096
            },
            "points": [
                {
                    "x": 260.1035673187572,
                    "y": 267.23926380368096
                },
                {
                    "x": 335.96087456846954,
                    "y": 267.23926380368096
                },
                {
                    "x": 335.96087456846954,
                    "y": 346.7484662576687
                },
                {
                    "x": 260.1035673187572,
                    "y": 346.7484662576687
                }
            ]
        },
        {
            "id": "e89TXP6Nj",
            "type": "RECTANGLE",
            "tags": [
                "tomato"
            ],
            "boundingBox": {
                "height": 66.99386503067484,
                "width": 75.12082853855006,
                "left": 334.487917146145,
                "top": 307.73006134969324
            },
            "points": [
                {
                    "x": 334.487917146145,
                    "y": 307.73006134969324
                },
                {
                    "x": 409.60874568469507,
                    "y": 307.73006134969324
                },
                {
                    "x": 409.60874568469507,
                    "y": 374.7239263803681
                },
                {
                    "x": 334.487917146145,
                    "y": 374.7239263803681
                }
            ]
        }
    ],
    "version": "2.2.0"
}