{
    "asset": {
        "format": "jpg",
        "id": "e91683ff8e3d32a6a11ff7009112dcfd",
        "name": "WIN_20231103_09_43_58_Pro.jpg",
        "path": "file:D:/tomato%20KHM/WIN_20231103_09_43_58_Pro.jpg",
        "size": {
            "width": 640,
            "height": 480
        },
        "state": 2,
        "type": 1
    },
    "regions": [
        {
            "id": "Ud3OcI4Do",
            "type": "RECTANGLE",
            "tags": [
                "tomato"
            ],
            "boundingBox": {
                "height": 85.39877300613496,
                "width": 68.49252013808976,
                "left": 361.7376294591485,
                "top": 250.30674846625766
            },
            "points": [
                {
                    "x": 361.7376294591485,
                    "y": 250.30674846625766
                },
                {
                    "x": 430.2301495972382,
                    "y": 250.30674846625766
                },
                {
                    "x": 430.2301495972382,
                    "y": 335.7055214723926
                },
                {
                    "x": 361.7376294591485,
                    "y": 335.7055214723926
                }
            ]
        },
        {
            "id": "LDibDA7hA",
            "type": "RECTANGLE",
            "tags": [
                "tomato"
            ],
            "boundingBox": {
                "height": 75.8282208588957,
                "width": 24.430379746835445,
                "left": 0,
                "top": 269.44785276073617
            },
            "points": [
                {
                    "x": 0,
                    "y": 269.44785276073617
                },
                {
                    "x": 24.430379746835445,
                    "y": 269.44785276073617
                },
                {
                    "x": 24.430379746835445,
                    "y": 345.27607361963186
                },
                {
                    "x": 0,
                    "y": 345.27607361963186
                }
            ]
        }
    ],
    "version": "2.2.0"
}