{
    "asset": {
        "format": "jpg",
        "id": "ec41a16d9e925d6114fec755573b4525",
        "name": "WIN_20231102_17_01_18_Pro.jpg",
        "path": "file:D:/tomato%20KHM/WIN_20231102_17_01_18_Pro.jpg",
        "size": {
            "width": 640,
            "height": 480
        },
        "state": 2,
        "type": 1
    },
    "regions": [
        {
            "id": "TQ0jUc1yN",
            "type": "RECTANGLE",
            "tags": [
                "tomato"
            ],
            "boundingBox": {
                "height": 71.41104294478528,
                "width": 72.9113924050633,
                "left": 322.70425776754894,
                "top": 343.80368098159505
            },
            "points": [
                {
                    "x": 322.70425776754894,
                    "y": 343.80368098159505
                },
                {
                    "x": 395.6156501726122,
                    "y": 343.80368098159505
                },
                {
                    "x": 395.6156501726122,
                    "y": 415.2147239263804
                },
                {
                    "x": 322.70425776754894,
                    "y": 415.2147239263804
                }
            ]
        },
        {
            "id": "_gO1Jxpbd",
            "type": "RECTANGLE",
            "tags": [
                "tomato"
            ],
            "boundingBox": {
                "height": 76.56441717791411,
                "width": 67.01956271576525,
                "left": 6.754890678941312,
                "top": 328.34355828220856
            },
            "points": [
                {
                    "x": 6.754890678941312,
                    "y": 328.34355828220856
                },
                {
                    "x": 73.77445339470657,
                    "y": 328.34355828220856
                },
                {
                    "x": 73.77445339470657,
                    "y": 404.90797546012266
                },
                {
                    "x": 6.754890678941312,
                    "y": 404.90797546012266
                }
            ]
        }
    ],
    "version": "2.2.0"
}