{
    "asset": {
        "format": "jpg",
        "id": "ef04142b9eebffd225b7146f06f73292",
        "name": "WIN_20231102_17_01_37_Pro.jpg",
        "path": "file:D:/tomato%20KHM/WIN_20231102_17_01_37_Pro.jpg",
        "size": {
            "width": 640,
            "height": 480
        },
        "state": 2,
        "type": 1
    },
    "regions": [
        {
            "id": "CrY2lri8i",
            "type": "RECTANGLE",
            "tags": [
                "tomato"
            ],
            "boundingBox": {
                "height": 75.8282208588957,
                "width": 73.64787111622555,
                "left": 291.7721518987342,
                "top": 286.3803680981595
            },
            "points": [
                {
                    "x": 291.7721518987342,
                    "y": 286.3803680981595
                },
                {
                    "x": 365.4200230149597,
                    "y": 286.3803680981595
                },
                {
                    "x": 365.4200230149597,
                    "y": 362.2085889570552
                },
                {
                    "x": 291.7721518987342,
                    "y": 362.2085889570552
                }
            ]
        }
    ],
    "version": "2.2.0"
}