{
    "asset": {
        "format": "jpg",
        "id": "ef68a1dcfbfde996c1113f932a1e028d",
        "name": "WIN_20231103_09_48_29_Pro.jpg",
        "path": "file:D:/tomato%20KHM/WIN_20231103_09_48_29_Pro.jpg",
        "size": {
            "width": 640,
            "height": 480
        },
        "state": 2,
        "type": 1
    },
    "regions": [
        {
            "id": "qof53RbbX",
            "type": "RECTANGLE",
            "tags": [
                "tomato"
            ],
            "boundingBox": {
                "height": 73.61963190184049,
                "width": 71.43843498273878,
                "left": 258.6306098964327,
                "top": 283.4355828220859
            },
            "points": [
                {
                    "x": 258.6306098964327,
                    "y": 283.4355828220859
                },
                {
                    "x": 330.0690448791715,
                    "y": 283.4355828220859
                },
                {
                    "x": 330.0690448791715,
                    "y": 357.0552147239264
                },
                {
                    "x": 258.6306098964327,
                    "y": 357.0552147239264
                }
            ]
        },
        {
            "id": "rxAif2zAo",
            "type": "RECTANGLE",
            "tags": [
                "tomato"
            ],
            "boundingBox": {
                "height": 69.20245398773005,
                "width": 44.18872266973533,
                "left": 333.75143843498273,
                "top": 328.34355828220856
            },
            "points": [
                {
                    "x": 333.75143843498273,
                    "y": 328.34355828220856
                },
                {
                    "x": 377.9401611047181,
                    "y": 328.34355828220856
                },
                {
                    "x": 377.9401611047181,
                    "y": 397.5460122699386
                },
                {
                    "x": 333.75143843498273,
                    "y": 397.5460122699386
                }
            ]
        }
    ],
    "version": "2.2.0"
}