{
    "asset": {
        "format": "jpg",
        "id": "f04bf340399a4e8b1aa3bad630cc6f6f",
        "name": "WIN_20231102_17_15_43_Pro.jpg",
        "path": "file:D:/tomato%20KHM/WIN_20231102_17_15_43_Pro.jpg",
        "size": {
            "width": 640,
            "height": 480
        },
        "state": 2,
        "type": 1
    },
    "regions": [
        {
            "id": "QS-Czhl1r",
            "type": "RECTANGLE",
            "tags": [
                "tomato"
            ],
            "boundingBox": {
                "height": 103.06748466257669,
                "width": 44.79861910241657,
                "left": 595.2013808975835,
                "top": 308.46625766871165
            },
            "points": [
                {
                    "x": 595.2013808975835,
                    "y": 308.46625766871165
                },
                {
                    "x": 640,
                    "y": 308.46625766871165
                },
                {
                    "x": 640,
                    "y": 411.53374233128835
                },
                {
                    "x": 595.2013808975835,
                    "y": 411.53374233128835
                }
            ]
        }
    ],
    "version": "2.2.0"
}