{
    "asset": {
        "format": "jpg",
        "id": "f49fcf780adefc2470abd85becd73d2f",
        "name": "WIN_20231102_16_55_29_Pro.jpg",
        "path": "file:D:/tomato%20KHM/WIN_20231102_16_55_29_Pro.jpg",
        "size": {
            "width": 640,
            "height": 480
        },
        "state": 2,
        "type": 1
    },
    "regions": [
        {
            "id": "M0kXynKjv",
            "type": "RECTANGLE",
            "tags": [
                "tomato"
            ],
            "boundingBox": {
                "height": 89.079754601227,
                "width": 80.27617951668584,
                "left": 407.3993095512083,
                "top": 165.6441717791411
            },
            "points": [
                {
                    "x": 407.3993095512083,
                    "y": 165.6441717791411
                },
                {
                    "x": 487.67548906789415,
                    "y": 165.6441717791411
                },
                {
                    "x": 487.67548906789415,
                    "y": 254.72392638036808
                },
                {
                    "x": 407.3993095512083,
                    "y": 254.72392638036808
                }
            ]
        },
        {
            "id": "T9v1jFNOh",
            "type": "RECTANGLE",
            "tags": [
                "tomato"
            ],
            "boundingBox": {
                "height": 72.14723926380368,
                "width": 68.49252013808976,
                "left": 92.9228998849252,
                "top": 321.7177914110429
            },
            "points": [
                {
                    "x": 92.9228998849252,
                    "y": 321.7177914110429
                },
                {
                    "x": 161.41542002301497,
                    "y": 321.7177914110429
                },
                {
                    "x": 161.41542002301497,
                    "y": 393.8650306748466
                },
                {
                    "x": 92.9228998849252,
                    "y": 393.8650306748466
                }
            ]
        }
    ],
    "version": "2.2.0"
}