{
    "asset": {
        "format": "jpg",
        "id": "f5a143a2beffbb6cb03e2e35a8019a9a",
        "name": "WIN_20231102_17_04_02_Pro.jpg",
        "path": "file:D:/tomato%20KHM/WIN_20231102_17_04_02_Pro.jpg",
        "size": {
            "width": 640,
            "height": 480
        },
        "state": 2,
        "type": 1
    },
    "regions": [
        {
            "id": "qsKGBYDKi",
            "type": "RECTANGLE",
            "tags": [
                "tomato"
            ],
            "boundingBox": {
                "height": 83.19018404907975,
                "width": 52.16340621403913,
                "left": 587.8365937859609,
                "top": 376.1963190184049
            },
            "points": [
                {
                    "x": 587.8365937859609,
                    "y": 376.1963190184049
                },
                {
                    "x": 640,
                    "y": 376.1963190184049
                },
                {
                    "x": 640,
                    "y": 459.3865030674846
                },
                {
                    "x": 587.8365937859609,
                    "y": 459.3865030674846
                }
            ]
        }
    ],
    "version": "2.2.0"
}