{
    "asset": {
        "format": "jpg",
        "id": "f80ab8f07006e7152354ded525043e77",
        "name": "WIN_20231102_17_15_40_Pro.jpg",
        "path": "file:D:/tomato%20KHM/WIN_20231102_17_15_40_Pro.jpg",
        "size": {
            "width": 640,
            "height": 480
        },
        "state": 2,
        "type": 1
    },
    "regions": [
        {
            "id": "AwNKk1ZHb",
            "type": "RECTANGLE",
            "tags": [
                "tomato"
            ],
            "boundingBox": {
                "height": 72.88343558282209,
                "width": 83.95857307249713,
                "left": 156.26006904487917,
                "top": 279.0184049079754
            },
            "points": [
                {
                    "x": 156.26006904487917,
                    "y": 279.0184049079754
                },
                {
                    "x": 240.2186421173763,
                    "y": 279.0184049079754
                },
                {
                    "x": 240.2186421173763,
                    "y": 351.90184049079755
                },
                {
                    "x": 156.26006904487917,
                    "y": 351.90184049079755
                }
            ]
        },
        {
            "id": "g6dQ1qTNV",
            "type": "RECTANGLE",
            "tags": [
                "tomato"
            ],
            "boundingBox": {
                "height": 68.46625766871165,
                "width": 58.918296892980436,
                "left": 229.90794016110473,
                "top": 291.53374233128835
            },
            "points": [
                {
                    "x": 229.90794016110473,
                    "y": 291.53374233128835
                },
                {
                    "x": 288.82623705408514,
                    "y": 291.53374233128835
                },
                {
                    "x": 288.82623705408514,
                    "y": 360
                },
                {
                    "x": 229.90794016110473,
                    "y": 360
                }
            ]
        },
        {
            "id": "VI1PiULNy",
            "type": "RECTANGLE",
            "tags": [
                "tomato"
            ],
            "boundingBox": {
                "height": 65.52147239263803,
                "width": 32.278481012658226,
                "left": 607.7215189873418,
                "top": 178.159509202454
            },
            "points": [
                {
                    "x": 607.7215189873418,
                    "y": 178.159509202454
                },
                {
                    "x": 640,
                    "y": 178.159509202454
                },
                {
                    "x": 640,
                    "y": 243.68098159509202
                },
                {
                    "x": 607.7215189873418,
                    "y": 243.68098159509202
                }
            ]
        }
    ],
    "version": "2.2.0"
}