{
    "asset": {
        "format": "jpg",
        "id": "fb18ec80ab82cf013276105f3f159e6d",
        "name": "WIN_20231102_17_16_10_Pro.jpg",
        "path": "file:D:/tomato%20KHM/WIN_20231102_17_16_10_Pro.jpg",
        "size": {
            "width": 640,
            "height": 480
        },
        "state": 2,
        "type": 1
    },
    "regions": [
        {
            "id": "nZjF6A1W6",
            "type": "RECTANGLE",
            "tags": [
                "tomato"
            ],
            "boundingBox": {
                "height": 66.25766871165644,
                "width": 76.59378596087458,
                "left": 92.92289988492522,
                "top": 226.7484662576687
            },
            "points": [
                {
                    "x": 92.92289988492522,
                    "y": 226.7484662576687
                },
                {
                    "x": 169.51668584579977,
                    "y": 226.7484662576687
                },
                {
                    "x": 169.51668584579977,
                    "y": 293.00613496932516
                },
                {
                    "x": 92.92289988492522,
                    "y": 293.00613496932516
                }
            ]
        },
        {
            "id": "FNRNPp_M0",
            "type": "RECTANGLE",
            "tags": [
                "tomato"
            ],
            "boundingBox": {
                "height": 80.24539877300613,
                "width": 72.9113924050633,
                "left": 362.4741081703107,
                "top": 267.23926380368096
            },
            "points": [
                {
                    "x": 362.4741081703107,
                    "y": 267.23926380368096
                },
                {
                    "x": 435.385500575374,
                    "y": 267.23926380368096
                },
                {
                    "x": 435.385500575374,
                    "y": 347.4846625766871
                },
                {
                    "x": 362.4741081703107,
                    "y": 347.4846625766871
                }
            ]
        },
        {
            "id": "Y9B6xTMjS",
            "type": "RECTANGLE",
            "tags": [
                "tomato"
            ],
            "boundingBox": {
                "height": 61.84049079754601,
                "width": 74.38434982738781,
                "left": 434.64902186421176,
                "top": 203.19018404907973
            },
            "points": [
                {
                    "x": 434.64902186421176,
                    "y": 203.19018404907973
                },
                {
                    "x": 509.03337169159954,
                    "y": 203.19018404907973
                },
                {
                    "x": 509.03337169159954,
                    "y": 265.03067484662574
                },
                {
                    "x": 434.64902186421176,
                    "y": 265.03067484662574
                }
            ]
        }
    ],
    "version": "2.2.0"
}