{
    "asset": {
        "format": "jpg",
        "id": "fd33f922e8792d0e794697011dc67577",
        "name": "WIN_20231103_09_55_40_Pro.jpg",
        "path": "file:D:/tomato%20KHM/WIN_20231103_09_55_40_Pro.jpg",
        "size": {
            "width": 640,
            "height": 480
        },
        "state": 2,
        "type": 1
    },
    "regions": [
        {
            "id": "qDWiizqnQ",
            "type": "RECTANGLE",
            "tags": [
                "tomato"
            ],
            "boundingBox": {
                "height": 57.42331288343558,
                "width": 35.35097813578827,
                "left": 2.336018411967779,
                "top": 135.4601226993865
            },
            "points": [
                {
                    "x": 2.336018411967779,
                    "y": 135.4601226993865
                },
                {
                    "x": 37.686996547756046,
                    "y": 135.4601226993865
                },
                {
                    "x": 37.686996547756046,
                    "y": 192.88343558282207
                },
                {
                    "x": 2.336018411967779,
                    "y": 192.88343558282207
                }
            ]
        },
        {
            "id": "UeQ5_xsHR",
            "type": "RECTANGLE",
            "tags": [
                "tomato"
            ],
            "boundingBox": {
                "height": 66.99386503067484,
                "width": 58.05523590333717,
                "left": 581.9447640966629,
                "top": 269.44785276073617
            },
            "points": [
                {
                    "x": 581.9447640966629,
                    "y": 269.44785276073617
                },
                {
                    "x": 640,
                    "y": 269.44785276073617
                },
                {
                    "x": 640,
                    "y": 336.441717791411
                },
                {
                    "x": 581.9447640966629,
                    "y": 336.441717791411
                }
            ]
        },
        {
            "id": "SrXzUFPW1",
            "type": "RECTANGLE",
            "tags": [
                "tomato"
            ],
            "boundingBox": {
                "height": 32.392638036809814,
                "width": 55.10932105868815,
                "left": 584.8906789413119,
                "top": 239.2638036809816
            },
            "points": [
                {
                    "x": 584.8906789413119,
                    "y": 239.2638036809816
                },
                {
                    "x": 640,
                    "y": 239.2638036809816
                },
                {
                    "x": 640,
                    "y": 271.6564417177914
                },
                {
                    "x": 584.8906789413119,
                    "y": 271.6564417177914
                }
            ]
        }
    ],
    "version": "2.2.0"
}