{
    "asset": {
        "format": "jpg",
        "id": "fe5cdcf04e19a052ba3c864bfc9b904a",
        "name": "WIN_20231102_17_04_21_Pro.jpg",
        "path": "file:D:/tomato%20KHM/WIN_20231102_17_04_21_Pro.jpg",
        "size": {
            "width": 640,
            "height": 480
        },
        "state": 2,
        "type": 1
    },
    "regions": [
        {
            "id": "3-jDl-4Lx",
            "type": "RECTANGLE",
            "tags": [
                "tomato"
            ],
            "boundingBox": {
                "height": 58.895705521472394,
                "width": 60.39125431530495,
                "left": 65.67318757192176,
                "top": 277.5460122699386
            },
            "points": [
                {
                    "x": 65.67318757192176,
                    "y": 277.5460122699386
                },
                {
                    "x": 126.0644418872267,
                    "y": 277.5460122699386
                },
                {
                    "x": 126.0644418872267,
                    "y": 336.441717791411
                },
                {
                    "x": 65.67318757192176,
                    "y": 336.441717791411
                }
            ]
        },
        {
            "id": "s-myNpFNz",
            "type": "RECTANGLE",
            "tags": [
                "tomato"
            ],
            "boundingBox": {
                "height": 69.20245398773005,
                "width": 69.96547756041427,
                "left": 320.49482163406213,
                "top": 331.2883435582822
            },
            "points": [
                {
                    "x": 320.49482163406213,
                    "y": 331.2883435582822
                },
                {
                    "x": 390.4602991944764,
                    "y": 331.2883435582822
                },
                {
                    "x": 390.4602991944764,
                    "y": 400.49079754601223
                },
                {
                    "x": 320.49482163406213,
                    "y": 400.49079754601223
                }
            ]
        }
    ],
    "version": "2.2.0"
}