{
    "asset": {
        "format": "jpg",
        "id": "ff40a3bb8835dc1e71c58e77cce95548",
        "name": "WIN_20231102_16_55_58_Pro.jpg",
        "path": "file:D:/tomato%20KHM/WIN_20231102_16_55_58_Pro.jpg",
        "size": {
            "width": 640,
            "height": 480
        },
        "state": 2,
        "type": 1
    },
    "regions": [
        {
            "id": "vj_U2-IpH",
            "type": "RECTANGLE",
            "tags": [
                "tomato"
            ],
            "boundingBox": {
                "height": 55.95092024539877,
                "width": 60.39125431530495,
                "left": 360.2646720368239,
                "top": 382.0858895705521
            },
            "points": [
                {
                    "x": 360.2646720368239,
                    "y": 382.0858895705521
                },
                {
                    "x": 420.6559263521289,
                    "y": 382.0858895705521
                },
                {
                    "x": 420.6559263521289,
                    "y": 438.0368098159509
                },
                {
                    "x": 360.2646720368239,
                    "y": 438.0368098159509
                }
            ]
        },
        {
            "id": "2uSg2FGcK",
            "type": "RECTANGLE",
            "tags": [
                "tomato"
            ],
            "boundingBox": {
                "height": 41.963190184049076,
                "width": 36.82393555811277,
                "left": 67.14614499424626,
                "top": 325.39877300613495
            },
            "points": [
                {
                    "x": 67.14614499424626,
                    "y": 325.39877300613495
                },
                {
                    "x": 103.97008055235904,
                    "y": 325.39877300613495
                },
                {
                    "x": 103.97008055235904,
                    "y": 367.36196319018404
                },
                {
                    "x": 67.14614499424626,
                    "y": 367.36196319018404
                }
            ]
        }
    ],
    "version": "2.2.0"
}